Data;Título;Link;Termo da pesquisa ;Autor;Fontes;Assuntos tratados;Peculiaridades;;
12/04/2014;Petrobras accusé de blanchiment d'argent;http://www.lefigaro.fr/flash-eco/2014/04/12/97002-20140412FILWWW00076-petrobras-accuse-de-blanchiment-d-argent.php;Lava Jato;;policiais;lavagem de dinheiro na Petrobras;;;
12/04/2014;Petrobras accusé de blanchiment d'argent;http://www.lefigaro.fr/flash-eco/2014/04/12/97002-20140412FILWWW00076-petrobras-accuse-de-blanchiment-d-argent.php;Lava Jato;;comissão interna da Petrobras;lavagem de dinheiro na Petrobras;;;
14/11/2014;Petrobas : coup de filet contre la corruption;http://www.lefigaro.fr/flash-eco/2014/11/14/97002-20141114FILWWW00271-petrobas-coup-de-filet-contre-la-corruption.php;Lava Jato;Le Figaro com a AFP;AFP;Sétima fase da operação;;;
14/11/2014;Petrobas : coup de filet contre la corruption;http://www.lefigaro.fr/flash-eco/2014/11/14/97002-20141114FILWWW00271-petrobas-coup-de-filet-contre-la-corruption.php;Lava Jato;Le Figaro com a AFP;policia federal;Sétima fase da operação;;;
14/11/2014;Petrobas : coup de filet contre la corruption;http://www.lefigaro.fr/flash-eco/2014/11/14/97002-20141114FILWWW00271-petrobas-coup-de-filet-contre-la-corruption.php;Lava Jato;Le Figaro com a AFP;Paulo Roberto Costa e comunicado da Petrobras;Sétima fase da operação;;;
14/12/2014;Un gigantesque scandale de corruption ébranle le Brésil;http://www.lefigaro.fr/international/2014/12/14/01003-20141214ARTFIG00130-un-gigantesque-scandale-de-corruption-ebranle-le-bresil.php;Lava Jato;Lamia Oualalou;polícia;Corrupção na Petrobras/Lava Jato;;;
14/12/2014;Un gigantesque scandale de corruption ébranle le Brésil;http://www.lefigaro.fr/international/2014/12/14/01003-20141214ARTFIG00130-un-gigantesque-scandale-de-corruption-ebranle-le-bresil.php;Lava Jato;Lamia Oualalou;Dilma Rousseff;Corrupção na Petrobras/Lava Jato;;;
14/12/2014;Un gigantesque scandale de corruption ébranle le Brésil;http://www.lefigaro.fr/international/2014/12/14/01003-20141214ARTFIG00130-un-gigantesque-scandale-de-corruption-ebranle-le-bresil.php;Lava Jato;Lamia Oualalou;Paulo Roberto Costa;Corrupção na Petrobras/Lava Jato;;;
14/12/2014;Un gigantesque scandale de corruption ébranle le Brésil;http://www.lefigaro.fr/international/2014/12/14/01003-20141214ARTFIG00130-un-gigantesque-scandale-de-corruption-ebranle-le-bresil.php;Lava Jato;Lamia Oualalou;Alejandro Salas (diretor da ONG Transparência Internacional);Corrupção na Petrobras/Lava Jato;;;
 15/12/2014;Petrobras : actions au plus bas depuis 10 ans;http://www.lefigaro.fr/flash-eco/2014/12/15/97002-20141215FILWWW00418-petrobras-actions-au-plus-bus-depuis-10-ans.php;Lava Jato;Le Figaro com a AFP;consultoria Economatica;queda nas ações da Petrobras;;;
 15/12/2014;Petrobras : actions au plus bas depuis 10 ans;http://www.lefigaro.fr/flash-eco/2014/12/15/97002-20141215FILWWW00418-petrobras-actions-au-plus-bus-depuis-10-ans.php;Lava Jato;Le Figaro com a AFP;Alex Agostini econimista-chefe da agência de classificação Austin Rating;queda nas ações da Petrobras;;;
23/12/2014;Pétrole: record de production pour Petrobras;http://www.lefigaro.fr/flash-eco/2014/12/23/97002-20141223FILWWW00214-petrole-record-de-production-pour-petrobras.php;Lava Jato;Le Figaro com a AFP;Dilma Rousseff;recorde de produção de petróleo;;;
23/12/2014;Pétrole: record de production pour Petrobras;http://www.lefigaro.fr/flash-eco/2014/12/23/97002-20141223FILWWW00214-petrole-record-de-production-pour-petrobras.php;Lava Jato;Le Figaro com a AFP;;recorde de produção de petróleo;;;
05/03/2015;Le scandale Petrobras déstabilise le Brésil;http://www.lefigaro.fr/international/2015/03/05/01003-20150305ARTFIG00387-le-scandale-petrobras-destabilise-le-bresil.php;Lava Jato;Lamia Oualalou;Paulo Roberto Costa (ex-diretor da Petrobras);Corrupção na Petrobras/Lava Jato;;;
05/03/2015;Le scandale Petrobras déstabilise le Brésil;http://www.lefigaro.fr/international/2015/03/05/01003-20150305ARTFIG00387-le-scandale-petrobras-destabilise-le-bresil.php;Lava Jato;Lamia Oualalou;Sérgio Gabrielli (diretor da Petrobras de 2012 a 2015);Corrupção na Petrobras/Lava Jato;;;
05/03/2015;Le scandale Petrobras déstabilise le Brésil;http://www.lefigaro.fr/international/2015/03/05/01003-20150305ARTFIG00387-le-scandale-petrobras-destabilise-le-bresil.php;Lava Jato;Lamia Oualalou;;Corrupção na Petrobras/Lava Jato;;;
06/03/2015;Au Brésil, l'austérité malgré la récession;http://www.lefigaro.fr/conjoncture/2015/03/04/20002-20150304ARTFIG00393-au-bresil-l-austerite-malgre-la-recession.php;Lava Jato;Lamia Oualalou;sem fontes;Situação econômica do Brasil;;;
16/08/2015;Au Brésil, la rue veut le départ de la présidente Dilma Roussef;http://www.lefigaro.fr/international/2015/08/16/01003-20150816ARTFIG00127-au-bresil-la-rue-veut-le-depart-de-la-presidente-dilma-roussef.php;Lava Jato;Lamia Oualalou;Mauricio Santoro (professor de Ciências Políticas da UERJ);Protestos contra Dilma;;;
16/08/2015;Au Brésil, la rue veut le départ de la présidente Dilma Roussef;http://www.lefigaro.fr/international/2015/08/16/01003-20150816ARTFIG00127-au-bresil-la-rue-veut-le-depart-de-la-presidente-dilma-roussef.php;Lava Jato;Lamia Oualalou;jornal O Globo;Protestos contra Dilma;;;
16/08/2015;Au Brésil, la rue veut le départ de la présidente Dilma Roussef;http://www.lefigaro.fr/international/2015/08/16/01003-20150816ARTFIG00127-au-bresil-la-rue-veut-le-depart-de-la-presidente-dilma-roussef.php;Lava Jato;Lamia Oualalou;;Protestos contra Dilma;;;
03/12/2015 ;Au Brésil, Dilma Rousseff se bat pour sauver sa présidence;http://www.lefigaro.fr/international/2015/12/03/01003-20151203ARTFIG00326-bresil-dilma-rousseff-se-bat-pour-sauver-sa-presidence.php;Lava Jato;Lamia Oualalou;Mauricio Santoro (professor de Ciências Políticas da UERJ);Dilma Roussef;O texto fala sobre o envolvimento de Eduardo Cunha na Operação Lava Jato. Mauricio Santoro fala que Dilma não está envolvida em nenhum escândalo de corrupção e que se fosse deposta, poderia soar como um golpe de estado.;;
03/12/2015 ;Au Brésil, Dilma Rousseff se bat pour sauver sa présidence;http://www.lefigaro.fr/international/2015/12/03/01003-20151203ARTFIG00326-bresil-dilma-rousseff-se-bat-pour-sauver-sa-presidence.php;Lava Jato;Lamia Oualalou;Jornal Nacional (Globo);Dilma Roussef;O texto fala sobre o envolvimento de Eduardo Cunha na Operação Lava Jato. Mauricio Santoro fala que Dilma não está envolvida em nenhum escândalo de corrupção e que se fosse deposta, poderia soar como um golpe de estado.;;
03/12/2015 ;Au Brésil, Dilma Rousseff se bat pour sauver sa présidence;http://www.lefigaro.fr/international/2015/12/03/01003-20151203ARTFIG00326-bresil-dilma-rousseff-se-bat-pour-sauver-sa-presidence.php;Lava Jato;Lamia Oualalou;;Dilma Roussef;O texto fala sobre o envolvimento de Eduardo Cunha na Operação Lava Jato. Mauricio Santoro fala que Dilma não está envolvida em nenhum escândalo de corrupção e que se fosse deposta, poderia soar como um golpe de estado.;;
06/12/2015;L'économie brésilienne engluée par le scandale Petrobras;http://premium.lefigaro.fr/conjoncture/2015/12/06/20002-20151206ARTFIG00121-l-economie-bresilienne-engluee-par-le-scandale-petrobras.php;Lava Jato;Lamia Oualalou;Mauricio Santoro (professor da UERJ);Escândalo Petrobras (Lava Jato);Matéria sobre a Lava Jato e sobre os efeitos do escândalo na economia brasileira (prisão de políticos, pouco investimento estrangeiro, etc),;;
06/12/2015;L'économie brésilienne engluée par le scandale Petrobras;http://premium.lefigaro.fr/conjoncture/2015/12/06/20002-20151206ARTFIG00121-l-economie-bresilienne-engluee-par-le-scandale-petrobras.php;Lava Jato;Lamia Oualalou;Alessandra Ribeiro (empresa Tendências);Escândalo Petrobras (Lava Jato);Matéria sobre a Lava Jato e sobre os efeitos do escândalo na economia brasileira (prisão de políticos, pouco investimento estrangeiro, etc),;;
06/12/2015;L'économie brésilienne engluée par le scandale Petrobras;http://premium.lefigaro.fr/conjoncture/2015/12/06/20002-20151206ARTFIG00121-l-economie-bresilienne-engluee-par-le-scandale-petrobras.php;Lava Jato;Lamia Oualalou;Alberto Ramos (economista da Goldman Sachs);Escândalo Petrobras (Lava Jato);Matéria sobre a Lava Jato e sobre os efeitos do escândalo na economia brasileira (prisão de políticos, pouco investimento estrangeiro, etc),;;
04/03/2016;Brésil : Lula soupçonné d'avoir bénéficié de «faveurs» d'entreprises accusées de corruption;http://www.lefigaro.fr/international/2016/03/04/01003-20160304ARTFIG00144-bresil-l-ex-president-lula-place-en-garde-a-vue.php;Lava Jato;Amaury Peyrach';Polícia Federal;Lula ;Matéria sobre a Lava Jato e sobre os efeitos do escândalo na economia brasileira (prisão de políticos, pouco investimento estrangeiro, etc),;;
04/03/2016;Brésil : Lula soupçonné d'avoir bénéficié de «faveurs» d'entreprises accusées de corruption;http://www.lefigaro.fr/international/2016/03/04/01003-20160304ARTFIG00144-bresil-l-ex-president-lula-place-en-garde-a-vue.php;Lava Jato;Amaury Peyrach';Lula;Lula ;Matéria sobre a Lava Jato e sobre os efeitos do escândalo na economia brasileira (prisão de políticos, pouco investimento estrangeiro, etc),;;
04/03/2016;Brésil : Lula soupçonné d'avoir bénéficié de «faveurs» d'entreprises accusées de corruption;http://www.lefigaro.fr/international/2016/03/04/01003-20160304ARTFIG00144-bresil-l-ex-president-lula-place-en-garde-a-vue.php;Lava Jato;Amaury Peyrach';José Chrispiniano (assessor de imprensa do Lula);Lula ;Matéria sobre a Lava Jato e sobre os efeitos do escândalo na economia brasileira (prisão de políticos, pouco investimento estrangeiro, etc),;;
04/03/2016;Brésil : Lula soupçonné d'avoir bénéficié de «faveurs» d'entreprises accusées de corruption;http://www.lefigaro.fr/international/2016/03/04/01003-20160304ARTFIG00144-bresil-l-ex-president-lula-place-en-garde-a-vue.php;Lava Jato;Amaury Peyrach';Carlos Fernando dos Santos Lima (procurador);Lula ;Matéria sobre a Lava Jato e sobre os efeitos do escândalo na economia brasileira (prisão de políticos, pouco investimento estrangeiro, etc),;;
04/03/2016;Brésil : Lula soupçonné d'avoir bénéficié de «faveurs» d'entreprises accusées de corruption;http://www.lefigaro.fr/international/2016/03/04/01003-20160304ARTFIG00144-bresil-l-ex-president-lula-place-en-garde-a-vue.php;Lava Jato;Amaury Peyrach';investigadores;Lula ;Matéria sobre a Lava Jato e sobre os efeitos do escândalo na economia brasileira (prisão de políticos, pouco investimento estrangeiro, etc),;;
04/03/2016;Brésil : Lula soupçonné d'avoir bénéficié de «faveurs» d'entreprises accusées de corruption;http://www.lefigaro.fr/international/2016/03/04/01003-20160304ARTFIG00144-bresil-l-ex-president-lula-place-en-garde-a-vue.php;Lava Jato;Amaury Peyrach';Paulo Roberto Costa(ex-diretor da Petrobras);Lula ;Matéria sobre a Lava Jato e sobre os efeitos do escândalo na economia brasileira (prisão de políticos, pouco investimento estrangeiro, etc),;;
08/03/2016;Brésil: l'ombre de la justice plane sur l'icône Lula;http://www.lefigaro.fr/international/2016/03/07/01003-20160307ARTFIG00313-l-ombre-de-la-justice-sur-l-icone-lula.php;Lava Jato;Lamia Oualalou;Carlos Fernando dos Santos Lima (procurador);Condução coercitiva do Lula;Vazamento de áudios para a imprensa feito por Moro/ comparação entre Lula e Getúlio Vargas/ relação controversa com a mídia (a jornalista cita que o fato de os jornalistas não se intimidarem pela figura carismática de Lula é algo que merece aplausos, mas que a demonização do ex-presidente é bem controversa;;
08/03/2016;Brésil: l'ombre de la justice plane sur l'icône Lula;http://www.lefigaro.fr/international/2016/03/07/01003-20160307ARTFIG00313-l-ombre-de-la-justice-sur-l-icone-lula.php;Lava Jato;Lamia Oualalou;Lula;Condução coercitiva do Lula;Vazamento de áudios para a imprensa feito por Moro/ comparação entre Lula e Getúlio Vargas/ relação controversa com a mídia (a jornalista cita que o fato de os jornalistas não se intimidarem pela figura carismática de Lula é algo que merece aplausos, mas que a demonização do ex-presidente é bem controversa;;
08/03/2016;Brésil: l'ombre de la justice plane sur l'icône Lula;http://www.lefigaro.fr/international/2016/03/07/01003-20160307ARTFIG00313-l-ombre-de-la-justice-sur-l-icone-lula.php;Lava Jato;Lamia Oualalou;Instituto Vox Populi;Condução coercitiva do Lula;Vazamento de áudios para a imprensa feito por Moro/ comparação entre Lula e Getúlio Vargas/ relação controversa com a mídia (a jornalista cita que o fato de os jornalistas não se intimidarem pela figura carismática de Lula é algo que merece aplausos, mas que a demonização do ex-presidente é bem controversa;;
15/03/2016;Au Brésil, Rousseff et Lula s'unissent face au scandale;http://www.lefigaro.fr/international/2016/03/15/01003-20160315ARTFIG00310-au-bresil-rousseff-et-lula-s-unissent-face-au-scandale.php;Lava Jato;Lamia Oualalou;Mauricio Santoro (professor de ciências políticas na UERJ);União de Dilma e Lula para enfrentar as manifestações pró-impeachment e as acusações da Lava Jato (possível nomeação de Lula como ministro);Lula é citado como o único capaz de salvar o governo de Dilma ao negociar apoio com os barões do PMDB. A relação de Moro com a imprensa e o fato de ele poupar grandes nomes da oposição, como Aécio, de investigação são citados.;;
15/03/2016;Au Brésil, Rousseff et Lula s'unissent face au scandale;http://www.lefigaro.fr/international/2016/03/15/01003-20160315ARTFIG00310-au-bresil-rousseff-et-lula-s-unissent-face-au-scandale.php;Lava Jato;Lamia Oualalou;Reuters;União de Dilma e Lula para enfrentar as manifestações pró-impeachment e as acusações da Lava Jato (possível nomeação de Lula como ministro);Lula é citado como o único capaz de salvar o governo de Dilma ao negociar apoio com os barões do PMDB. A relação de Moro com a imprensa e o fato de ele poupar grandes nomes da oposição, como Aécio, de investigação são citados.;;
15/03/2016;Au Brésil, Rousseff et Lula s'unissent face au scandale;http://www.lefigaro.fr/international/2016/03/15/01003-20160315ARTFIG00310-au-bresil-rousseff-et-lula-s-unissent-face-au-scandale.php;Lava Jato;Lamia Oualalou;André Singer (politólogo da USP);União de Dilma e Lula para enfrentar as manifestações pró-impeachment e as acusações da Lava Jato (possível nomeação de Lula como ministro);Lula é citado como o único capaz de salvar o governo de Dilma ao negociar apoio com os barões do PMDB. A relação de Moro com a imprensa e o fato de ele poupar grandes nomes da oposição, como Aécio, de investigação são citados.;;
16/03/2016;Lula revient au pouvoir en plein scandale politico-judiciaire;http://www.lefigaro.fr/international/2016/03/16/01003-20160316ARTFIG00378-lula-revient-au-pouvoir-en-plein-scandale-politico-judiciaire.php;Lava Jato;Lamia Oualalou;Renato Rovai (diretor do site Forum);Lula    ;;;
16/03/2016;Lula revient au pouvoir en plein scandale politico-judiciaire;http://www.lefigaro.fr/international/2016/03/16/01003-20160316ARTFIG00378-lula-revient-au-pouvoir-en-plein-scandale-politico-judiciaire.php;Lava Jato;Lamia Oualalou;fonte anônima próxima a Lula;Lula    ;;;
16/03/2016;Lula revient au pouvoir en plein scandale politico-judiciaire;http://www.lefigaro.fr/international/2016/03/16/01003-20160316ARTFIG00378-lula-revient-au-pouvoir-en-plein-scandale-politico-judiciaire.php;Lava Jato;Lamia Oualalou;;Lula    ;;;
18/03/2016;Brésil: la bataille politique est dans la rue;http://www.lefigaro.fr/international/2016/03/18/01003-20160318ARTFIG00276-bresil-la-bataille-politique-est-dans-la-rue.php;Lava Jato;Lamia Oualalou;texto geral;Mobilização popular- pró e contra impeachment;;;
18/03/2016;Brésil: la bataille politique est dans la rue;http://www.lefigaro.fr/international/2016/03/18/01003-20160318ARTFIG00276-bresil-la-bataille-politique-est-dans-la-rue.php;Lava Jato;Lamia Oualalou;sem citações;Mobilização popular- pró e contra impeachment;;;
 24/03/2016;Petrobras: les secrets explosifs de l'entreprise Odebrecht;http://www.lefigaro.fr/international/2016/03/24/01003-20160324ARTFIG00289-petrobras-les-secrets-explosifs-de-l-entreprise-odebrecht.php;Lava Jato;Lamia Oualalou;Netflix;Odebrecht;A Lava Jato revelou que a Odebrecht e seus principais concorrentes criaram um cartel em que essas empresas compartilharam os contratos da Petrobras, companhia petrolífera nacional, que fingiu concorrêncua;;
 24/03/2016;Petrobras: les secrets explosifs de l'entreprise Odebrecht;http://www.lefigaro.fr/international/2016/03/24/01003-20160324ARTFIG00289-petrobras-les-secrets-explosifs-de-l-entreprise-odebrecht.php;Lava Jato;Lamia Oualalou;UOL (site);Odebrecht;A Lava Jato revelou que a Odebrecht e seus principais concorrentes criaram um cartel em que essas empresas compartilharam os contratos da Petrobras, companhia petrolífera nacional, que fingiu concorrêncua;;
 24/03/2016;Petrobras: les secrets explosifs de l'entreprise Odebrecht;http://www.lefigaro.fr/international/2016/03/24/01003-20160324ARTFIG00289-petrobras-les-secrets-explosifs-de-l-entreprise-odebrecht.php;Lava Jato;Lamia Oualalou;;Odebrecht;A Lava Jato revelou que a Odebrecht e seus principais concorrentes criaram um cartel em que essas empresas compartilharam os contratos da Petrobras, companhia petrolífera nacional, que fingiu concorrêncua;;
11/05/2016;Brésil : les quatre dossiers qui fragilisent Dilma Rousseff;http://www.lefigaro.fr/international/2016/05/03/01003-20160503ARTFIG00056-bresil-les-quatre-dossiers-qui-fragilisent-dilma-rousseff.php;Lava Jato;Anne-Laure Frémont;Oposição à Dilma Rousseff;;;;
11/05/2016;Brésil : les quatre dossiers qui fragilisent Dilma Rousseff;http://www.lefigaro.fr/international/2016/05/03/01003-20160503ARTFIG00056-bresil-les-quatre-dossiers-qui-fragilisent-dilma-rousseff.php;Lava Jato;Anne-Laure Frémont;Dilma Rousseff;;;;
11/05/2016;Brésil : les quatre dossiers qui fragilisent Dilma Rousseff;http://www.lefigaro.fr/international/2016/05/03/01003-20160503ARTFIG00056-bresil-les-quatre-dossiers-qui-fragilisent-dilma-rousseff.php;Lava Jato;Anne-Laure Frémont;Delcidio Amaral;;;;
11/05/2016;Brésil : les quatre dossiers qui fragilisent Dilma Rousseff;http://www.lefigaro.fr/international/2016/05/03/01003-20160503ARTFIG00056-bresil-les-quatre-dossiers-qui-fragilisent-dilma-rousseff.php;Lava Jato;Anne-Laure Frémont;Otavio Marques de Azevedo (presidente da Andrade Gutierrez);;;;
11/05/2016;Brésil : les quatre dossiers qui fragilisent Dilma Rousseff;http://www.lefigaro.fr/international/2016/05/03/01003-20160503ARTFIG00056-bresil-les-quatre-dossiers-qui-fragilisent-dilma-rousseff.php;Lava Jato;Anne-Laure Frémont;Flavio Caetano (advogado da Dilma);;;;
11/05/2016;Brésil : les quatre dossiers qui fragilisent Dilma Rousseff;http://www.lefigaro.fr/international/2016/05/03/01003-20160503ARTFIG00056-bresil-les-quatre-dossiers-qui-fragilisent-dilma-rousseff.php;Lava Jato;Anne-Laure Frémont;imprensa brasileira;;;;
11/05/2016;Brésil : les quatre dossiers qui fragilisent Dilma Rousseff;http://www.lefigaro.fr/international/2016/05/03/01003-20160503ARTFIG00056-bresil-les-quatre-dossiers-qui-fragilisent-dilma-rousseff.php;Lava Jato;Anne-Laure Frémont;relatório do FMI;;;;
11/05/2016;Brésil : les quatre dossiers qui fragilisent Dilma Rousseff;http://www.lefigaro.fr/international/2016/05/03/01003-20160503ARTFIG00056-bresil-les-quatre-dossiers-qui-fragilisent-dilma-rousseff.php;Lava Jato;Anne-Laure Frémont;;;;;
12/05/2016;Brésil: la longue chute de la présidente;http://www.lefigaro.fr/international/2016/05/11/01003-20160511ARTFIG00319-bresil-la-longue-chute-de-la-presidente.php;Lava Jato;Lamia Oualalou;Dilma Rousseff;impeachment de Dilma;"""Esta é uma nova decisão do juiz Sergio Moro, que, à frente da investigação Lava Jato, explode a paisagem política com seus métodos abruptos. O magistrado multiplica as detenções provisórias sem justificar seu conteúdo e alimenta os jornais com vazamentos. Ele semeia pânico na classe política e recebe mais confissões. Pela primeira vez na história do Brasil são cobrados não apenas eleitos, mas também os líderes das principais empresas do país. Sergio Moro reúne o apoio da opinião pública.""";;
12/05/2016;Brésil: la longue chute de la présidente;http://www.lefigaro.fr/international/2016/05/11/01003-20160511ARTFIG00319-bresil-la-longue-chute-de-la-presidente.php;Lava Jato;Lamia Oualalou;Revist IstoÉ;impeachment de Dilma;"""Esta é uma nova decisão do juiz Sergio Moro, que, à frente da investigação Lava Jato, explode a paisagem política com seus métodos abruptos. O magistrado multiplica as detenções provisórias sem justificar seu conteúdo e alimenta os jornais com vazamentos. Ele semeia pânico na classe política e recebe mais confissões. Pela primeira vez na história do Brasil são cobrados não apenas eleitos, mas também os líderes das principais empresas do país. Sergio Moro reúne o apoio da opinião pública.""";;
12/05/2016;Brésil: la longue chute de la présidente;http://www.lefigaro.fr/international/2016/05/11/01003-20160511ARTFIG00319-bresil-la-longue-chute-de-la-presidente.php;Lava Jato;Lamia Oualalou;;impeachment de Dilma;"""Esta é uma nova decisão do juiz Sergio Moro, que, à frente da investigação Lava Jato, explode a paisagem política com seus métodos abruptos. O magistrado multiplica as detenções provisórias sem justificar seu conteúdo e alimenta os jornais com vazamentos. Ele semeia pânico na classe política e recebe mais confissões. Pela primeira vez na história do Brasil são cobrados não apenas eleitos, mas também os líderes das principais empresas do país. Sergio Moro reúne o apoio da opinião pública.""";;
12/05/2016;"Les trois crises du Brésil après le départ de Dilma Rousseff

";http://premium.lefigaro.fr/international/2016/05/12/01003-20160512ARTFIG00315-les-trois-crises-du-bresil.php;Lava Jato;Lamia Oualalou ;O Estado de S. Paulo;Impeachment de Dilma;O Brasil enfrenta uma crise tripla: institucional, política e econômica;;
12/05/2016;"Les trois crises du Brésil après le départ de Dilma Rousseff

";http://premium.lefigaro.fr/international/2016/05/12/01003-20160512ARTFIG00315-les-trois-crises-du-bresil.php;Lava Jato;Lamia Oualalou ;Paulo Peres (professor de Ciência Política da UFRG);Impeachment de Dilma;O Brasil enfrenta uma crise tripla: institucional, política e econômica;;
12/05/2016;"Les trois crises du Brésil après le départ de Dilma Rousseff

";http://premium.lefigaro.fr/international/2016/05/12/01003-20160512ARTFIG00315-les-trois-crises-du-bresil.php;Lava Jato;Lamia Oualalou ;Mauricio Santoro (politólogo da UERJ);Impeachment de Dilma;O Brasil enfrenta uma crise tripla: institucional, política e econômica;;
12/05/2016;"Les trois crises du Brésil après le départ de Dilma Rousseff

";http://premium.lefigaro.fr/international/2016/05/12/01003-20160512ARTFIG00315-les-trois-crises-du-bresil.php;Lava Jato;Lamia Oualalou ;Instituto Datafolha;Impeachment de Dilma;O Brasil enfrenta uma crise tripla: institucional, política e econômica;;
15/09/2016;"Brésil : le parquet accable Lula

";http://premium.lefigaro.fr/international/2016/09/15/01003-20160915ARTFIG00325-bresil-le-parquet-accable-lula.php;Lava Jato;Anne Vigna ;Lula;Coletiva dos procuradores da Lava Jato que acusaram o Lula usando um PowerPoint;"O texto fala sobre a acusação de Lula feita pelos investigadores da Operação Lava Jato. Lula é citado por eles em uma coletiva de imprensa como o ""chefe da orquestra""";;
15/09/2016;"Brésil : le parquet accable Lula

";http://premium.lefigaro.fr/international/2016/09/15/01003-20160915ARTFIG00325-bresil-le-parquet-accable-lula.php;Lava Jato;Anne Vigna ;Roberson Henrique Pozzobon (procurador que disse que não havia provas;Coletiva dos procuradores da Lava Jato que acusaram o Lula usando um PowerPoint;"O texto fala sobre a acusação de Lula feita pelos investigadores da Operação Lava Jato. Lula é citado por eles em uma coletiva de imprensa como o ""chefe da orquestra""";;
15/09/2016;"Brésil : le parquet accable Lula

";http://premium.lefigaro.fr/international/2016/09/15/01003-20160915ARTFIG00325-bresil-le-parquet-accable-lula.php;Lava Jato;Anne Vigna ;mas convicção);Coletiva dos procuradores da Lava Jato que acusaram o Lula usando um PowerPoint;"O texto fala sobre a acusação de Lula feita pelos investigadores da Operação Lava Jato. Lula é citado por eles em uma coletiva de imprensa como o ""chefe da orquestra""";;
15/09/2016;"Brésil : le parquet accable Lula

";http://premium.lefigaro.fr/international/2016/09/15/01003-20160915ARTFIG00325-bresil-le-parquet-accable-lula.php;Lava Jato;Anne Vigna ;advogado de Lula;Coletiva dos procuradores da Lava Jato que acusaram o Lula usando um PowerPoint;"O texto fala sobre a acusação de Lula feita pelos investigadores da Operação Lava Jato. Lula é citado por eles em uma coletiva de imprensa como o ""chefe da orquestra""";;
15/09/2016;"Brésil : le parquet accable Lula

";http://premium.lefigaro.fr/international/2016/09/15/01003-20160915ARTFIG00325-bresil-le-parquet-accable-lula.php;Lava Jato;Anne Vigna ;;Coletiva dos procuradores da Lava Jato que acusaram o Lula usando um PowerPoint;"O texto fala sobre a acusação de Lula feita pelos investigadores da Operação Lava Jato. Lula é citado por eles em uma coletiva de imprensa como o ""chefe da orquestra""";;
05/12/2016;Mondial 2014: un cartel a truqué les marchés;http://premium.lefigaro.fr/flash-eco/2016/12/05/97002-20161205FILWWW00365-mondial-2014-un-cartel-a-truque-les-marches.php;Lava Jato;Lefigaro.fr avec AFP ;Cade;cartel para construção de estádios na Copa do Mundo;Les indices de truquage des appels d'offres pour la construction ou rénovation de ces stades sont apparus au détour de la tentaculaire enquête Lava Jato, portant sur les détournements de fonds autour du géant pétrolier public Petrobras, qui éclabousse de plein fouet la classe politique brésilienne et les plus grands groupes de construction du pays.;;
11/12/2016;Les enquêtes sur la corruption au Brésil touchent d'autres chantiers d'Amérique latine (presse);http://premium.lefigaro.fr/flash-actu/2016/12/11/97001-20161211FILWWW00186-les-enquetes-sur-la-corruption-au-bresil-touchent-d-autres-chantiers-d-amerique-latine-presse.php;Lava Jato;Lefigaro.fr avec AFP ;Diarios América (GDA);Suspeita de corrupção em países da América Latina;;;
26/01/2017;Brésil/Petrobras: le nombre de suspects va doubler, selon le parquet;http://premium.lefigaro.fr/flash-actu/2017/01/26/97001-20170126FILWWW00397-bresil-le-nombre-de-suspects-du-scandale-petrobras-doublera-avec-les-revelations-d-odebrecht.php;Lava Jato;Flash Actu;Deltan Dallagnol;Operação Lava Jato;Deltan Dallagnol, responsável pela operação, afirmou que o número de suspeitos iria dobrar após o acordo de delação premiada feito com a Odebrecht;;
04/04/2017;Le procès du président du Brésil ajourné;http://premium.lefigaro.fr/international/2017/04/04/01003-20170404ARTFIG00287-le-proces-du-president-du-bresil-ajourne.php;Lava Jato;Michel Leclercq ;Merval Pereira (O Globo);Processo contra a chapa Dilma/Temer;;;
04/04/2017;Le procès du président du Brésil ajourné;http://premium.lefigaro.fr/international/2017/04/04/01003-20170404ARTFIG00287-le-proces-du-president-du-bresil-ajourne.php;Lava Jato;Michel Leclercq ;imprensa brasileira (selon la press brésilienne);Processo contra a chapa Dilma/Temer;;;
14/04/2017;Au Brésil, le gouvernement menacé de paralysie;http://premium.lefigaro.fr/international/2017/04/13/01003-20170413ARTFIG00280-au-bresil-le-gouvernement-menace-de-paralysie.php;Lava Jato; Michel Leclercq ;Marcelo Odebrecht;escândalo Odebrecht;;;
14/04/2017;Au Brésil, le gouvernement menacé de paralysie;http://premium.lefigaro.fr/international/2017/04/13/01003-20170413ARTFIG00280-au-bresil-le-gouvernement-menace-de-paralysie.php;Lava Jato; Michel Leclercq ;jornal O Globo;escândalo Odebrecht;;;
14/04/2017;Au Brésil, le gouvernement menacé de paralysie;http://premium.lefigaro.fr/international/2017/04/13/01003-20170413ARTFIG00280-au-bresil-le-gouvernement-menace-de-paralysie.php;Lava Jato; Michel Leclercq ;Folha de S. Paulo;escândalo Odebrecht;;;
14/04/2017;Au Brésil, le gouvernement menacé de paralysie;http://premium.lefigaro.fr/international/2017/04/13/01003-20170413ARTFIG00280-au-bresil-le-gouvernement-menace-de-paralysie.php;Lava Jato; Michel Leclercq ;Fabio Ramalho (vice presidente da Câmara);escândalo Odebrecht;;;
22/04/2017;Panama Papers: libération sous caution de Mossack et Fonseca;http://premium.lefigaro.fr/flash-actu/2017/04/22/97001-20170422FILWWW00035-panama-papers-liberation-sous-caution-de-mossack-et-fonseca.php;Lava Jato;Le Figaro.fr avec Reuters ;nota proveniente de agência internacional;Liberação dos advogados Mossak Fonseca;Além de estarem envolvidos no escândalo Panamá Papers, eles também estão sendo investigados pela Operação Lava Jato;;
29/04/2017;Grève générale au Brésil;http://premium.lefigaro.fr/flash-actu/2017/04/29/97001-20170429FILWWW00027-greve-generale-au-bresil.php;Lava Jato;Le Figaro.fr avec AFP ;nota proveniente de agência internacional;Greve geral no Brasil;O texto cita que um terço dos políticos que fazem parte do governo de Temer são investigados pela Operação Lava Jato;;
04/05/2017 ;Petrobras, le géant déchu, redresse la tête;http://premium.lefigaro.fr/societes/2017/05/04/20005-20170504ARTFIG00285-petrobras-le-geant-dechu-redresse-la-tete.php;Lava Jato;Michel Leclercq ;agência Moody's;Crise na Petrobras;;;
04/05/2017 ;Petrobras, le géant déchu, redresse la tête;http://premium.lefigaro.fr/societes/2017/05/04/20005-20170504ARTFIG00285-petrobras-le-geant-dechu-redresse-la-tete.php;Lava Jato;Michel Leclercq ;Amadeu Pumar;Crise na Petrobras;;;
10/05/2017;Au Brésil, l'ex-président Lula fait face à son juge;http://www.lefigaro.fr/international/2017/05/10/01003-20170510ARTFIG00302-au-bresil-l-ex-president-fait-face-a-son-juge.php;Lava Jato;Michel Leclercq ;Manifestantes pró-Lula;Lula encara Sergio Moro pela primeira vez cara a cara;O confronto entre Lula e Moro é citado como um embate entre as duas personalidades mais populares no Brasil no momento. Lula é carismático (tribun charismatique). L'ex-président, qui a bâti sa popularité en libérant de la misère des millions de Brésiliens lors de ses deux mandats (2002-2009), est aujourd'hui donné largement favori de la prochaine présidentielle.;;
10/05/2017;Au Brésil, l'ex-président Lula fait face à son juge;http://www.lefigaro.fr/international/2017/05/10/01003-20170510ARTFIG00302-au-bresil-l-ex-president-fait-face-a-son-juge.php;Lava Jato;Michel Leclercq ;Sergio Moro;Lula encara Sergio Moro pela primeira vez cara a cara;O confronto entre Lula e Moro é citado como um embate entre as duas personalidades mais populares no Brasil no momento. Lula é carismático (tribun charismatique). L'ex-président, qui a bâti sa popularité en libérant de la misère des millions de Brésiliens lors de ses deux mandats (2002-2009), est aujourd'hui donné largement favori de la prochaine présidentielle.;;
10/05/2017;Au Brésil, l'ex-président Lula fait face à son juge;http://www.lefigaro.fr/international/2017/05/10/01003-20170510ARTFIG00302-au-bresil-l-ex-president-fait-face-a-son-juge.php;Lava Jato;Michel Leclercq ;;Lula encara Sergio Moro pela primeira vez cara a cara;O confronto entre Lula e Moro é citado como um embate entre as duas personalidades mais populares no Brasil no momento. Lula é carismático (tribun charismatique). L'ex-président, qui a bâti sa popularité en libérant de la misère des millions de Brésiliens lors de ses deux mandats (2002-2009), est aujourd'hui donné largement favori de la prochaine présidentielle.;;
18/05/2017;Le président du Brésil sur la sellette;http://premium.lefigaro.fr/international/2017/05/18/01003-20170518ARTFIG00323-le-president-du-bresil-sur-la-sellette.php;Lava Jato;Michel Leclercq ;jornal O Globo;Crise no governo Temer;Eduardo Cunha é citado como preso na Operação Lava Jato e Lula como investigado em vários casos.;;
18/05/2017;Le président du Brésil sur la sellette;http://premium.lefigaro.fr/international/2017/05/18/01003-20170518ARTFIG00323-le-president-du-bresil-sur-la-sellette.php;Lava Jato;Michel Leclercq ;Marina Silva;Crise no governo Temer;Eduardo Cunha é citado como preso na Operação Lava Jato e Lula como investigado em vários casos.;;
18/05/2017;Le président du Brésil sur la sellette;http://premium.lefigaro.fr/international/2017/05/18/01003-20170518ARTFIG00323-le-president-du-bresil-sur-la-sellette.php;Lava Jato;Michel Leclercq ;José Guimarães (líder da minoria na Câmara dos Deputados);Crise no governo Temer;Eduardo Cunha é citado como preso na Operação Lava Jato e Lula como investigado em vários casos.;;
18/05/2017;Le président du Brésil sur la sellette;http://premium.lefigaro.fr/international/2017/05/18/01003-20170518ARTFIG00323-le-president-du-bresil-sur-la-sellette.php;Lava Jato;Michel Leclercq ;Sergio Petecão (senador);Crise no governo Temer;Eduardo Cunha é citado como preso na Operação Lava Jato e Lula como investigado em vários casos.;;
18/05/2017;Le président du Brésil sur la sellette;http://premium.lefigaro.fr/international/2017/05/18/01003-20170518ARTFIG00323-le-president-du-bresil-sur-la-sellette.php;Lava Jato;Michel Leclercq ;;Crise no governo Temer;Eduardo Cunha é citado como preso na Operação Lava Jato e Lula como investigado em vários casos.;;
18/05/2017;Brésil: Temer ne veut pas démissionner;http://premium.lefigaro.fr/flash-actu/2017/05/18/97001-20170518FILWWW00241-bresil-temer-ne-veut-pas-demissionner.php;Lava Jato; Le Figaro.fr avec AFP ;O Globo;Envolvimento de Temer no escândalo JBS;"Enquanto isso, a polícia federal aprofunda sua investigação sobre a vasta operação anti-corrupção ""Lava Jato"" (Rapid Wash) e aperta seu domínio em torno da comitiva do presidente Temer, que chegou ao poder com a queda da presidente Dilma Rousseff , do Partido dos Trabalhadores (PT, à esquerda).";;
18/05/2017;Brésil: Temer ne veut pas démissionner;http://premium.lefigaro.fr/flash-actu/2017/05/18/97001-20170518FILWWW00241-bresil-temer-ne-veut-pas-demissionner.php;Lava Jato; Le Figaro.fr avec AFP ;Michel Temer;Envolvimento de Temer no escândalo JBS;"Enquanto isso, a polícia federal aprofunda sua investigação sobre a vasta operação anti-corrupção ""Lava Jato"" (Rapid Wash) e aperta seu domínio em torno da comitiva do presidente Temer, que chegou ao poder com a queda da presidente Dilma Rousseff , do Partido dos Trabalhadores (PT, à esquerda).";;
18/05/2017;Brésil: Temer ne veut pas démissionner;http://premium.lefigaro.fr/flash-actu/2017/05/18/97001-20170518FILWWW00241-bresil-temer-ne-veut-pas-demissionner.php;Lava Jato; Le Figaro.fr avec AFP ;empresário anônimo;Envolvimento de Temer no escândalo JBS;"Enquanto isso, a polícia federal aprofunda sua investigação sobre a vasta operação anti-corrupção ""Lava Jato"" (Rapid Wash) e aperta seu domínio em torno da comitiva do presidente Temer, que chegou ao poder com a queda da presidente Dilma Rousseff , do Partido dos Trabalhadores (PT, à esquerda).";;
05/07/2017;Au Brésil, le président Temer cerné par la justice;http://premium.lefigaro.fr/international/2017/07/05/01003-20170705ARTFIG00289-au-bresil-le-president-temer-cerne-par-la-justice.php;Lava Jato;Michel Leclercq ;Miro Teixeira (deputado da REDE);Crise no governo Temer;O texto fala que Michel Temer está fazendo manobras com seus aliados para enfraquecer a Operação Lava Jato. Além disso, Lula é citado como o grande favorito para as eleições de 2018, apesar de suas acusações na Lava Jato.;;
05/07/2017;Au Brésil, le président Temer cerné par la justice;http://premium.lefigaro.fr/international/2017/07/05/01003-20170705ARTFIG00289-au-bresil-le-president-temer-cerne-par-la-justice.php;Lava Jato;Michel Leclercq ;Marcelo Odebrecht;Crise no governo Temer;O texto fala que Michel Temer está fazendo manobras com seus aliados para enfraquecer a Operação Lava Jato. Além disso, Lula é citado como o grande favorito para as eleições de 2018, apesar de suas acusações na Lava Jato.;;
05/07/2017;Au Brésil, le président Temer cerné par la justice;http://premium.lefigaro.fr/international/2017/07/05/01003-20170705ARTFIG00289-au-bresil-le-president-temer-cerne-par-la-justice.php;Lava Jato;Michel Leclercq ;FIESP;Crise no governo Temer;O texto fala que Michel Temer está fazendo manobras com seus aliados para enfraquecer a Operação Lava Jato. Além disso, Lula é citado como o grande favorito para as eleições de 2018, apesar de suas acusações na Lava Jato.;;
05/07/2017;Au Brésil, le président Temer cerné par la justice;http://premium.lefigaro.fr/international/2017/07/05/01003-20170705ARTFIG00289-au-bresil-le-president-temer-cerne-par-la-justice.php;Lava Jato;Michel Leclercq ;Adriano Codato (professor de Ciências Políticas da UFPR);Crise no governo Temer;O texto fala que Michel Temer está fazendo manobras com seus aliados para enfraquecer a Operação Lava Jato. Além disso, Lula é citado como o grande favorito para as eleições de 2018, apesar de suas acusações na Lava Jato.;;
05/07/2017;Au Brésil, le président Temer cerné par la justice;http://premium.lefigaro.fr/international/2017/07/05/01003-20170705ARTFIG00289-au-bresil-le-president-temer-cerne-par-la-justice.php;Lava Jato;Michel Leclercq ;Manoel Galdino (diretor da associação Transparência Brasil);Crise no governo Temer;O texto fala que Michel Temer está fazendo manobras com seus aliados para enfraquecer a Operação Lava Jato. Além disso, Lula é citado como o grande favorito para as eleições de 2018, apesar de suas acusações na Lava Jato.;;
05/07/2017;Au Brésil, le président Temer cerné par la justice;http://premium.lefigaro.fr/international/2017/07/05/01003-20170705ARTFIG00289-au-bresil-le-president-temer-cerne-par-la-justice.php;Lava Jato;Michel Leclercq ;;Crise no governo Temer;O texto fala que Michel Temer está fazendo manobras com seus aliados para enfraquecer a Operação Lava Jato. Além disso, Lula é citado como o grande favorito para as eleições de 2018, apesar de suas acusações na Lava Jato.;;
13/07/2017;Brésil: Lula condamné, la présidence s'éloigne;http://premium.lefigaro.fr/international/2017/07/13/01003-20170713ARTFIG00291-bresil-lula-condamne-la-presidence-s-eloigne.php;Lava Jato;Michel Leclercq ;Marina Silva;Condenação de Lula;Lula como favorito de 2018, figura emblemática da esquerda, oposição entre Lula (líder da esquerda e herói dos pobres)  e Moro (herói da classe média),;;
13/07/2017;Brésil: Lula condamné, la présidence s'éloigne;http://premium.lefigaro.fr/international/2017/07/13/01003-20170713ARTFIG00291-bresil-lula-condamne-la-presidence-s-eloigne.php;Lava Jato;Michel Leclercq ;Gleise Hoffmann;Condenação de Lula;Lula como favorito de 2018, figura emblemática da esquerda, oposição entre Lula (líder da esquerda e herói dos pobres)  e Moro (herói da classe média),;;
13/07/2017;Brésil: Lula condamné, la présidence s'éloigne;http://premium.lefigaro.fr/international/2017/07/13/01003-20170713ARTFIG00291-bresil-lula-condamne-la-presidence-s-eloigne.php;Lava Jato;Michel Leclercq ;Sergio Moro;Condenação de Lula;Lula como favorito de 2018, figura emblemática da esquerda, oposição entre Lula (líder da esquerda e herói dos pobres)  e Moro (herói da classe média),;;
13/07/2017;Brésil: Lula condamné, la présidence s'éloigne;http://premium.lefigaro.fr/international/2017/07/13/01003-20170713ARTFIG00291-bresil-lula-condamne-la-presidence-s-eloigne.php;Lava Jato;Michel Leclercq ;Dilma Rousseff;Condenação de Lula;Lula como favorito de 2018, figura emblemática da esquerda, oposição entre Lula (líder da esquerda e herói dos pobres)  e Moro (herói da classe média),;;
13/07/2017;Brésil: Lula condamné, la présidence s'éloigne;http://premium.lefigaro.fr/international/2017/07/13/01003-20170713ARTFIG00291-bresil-lula-condamne-la-presidence-s-eloigne.php;Lava Jato;Michel Leclercq ;;Condenação de Lula;Lula como favorito de 2018, figura emblemática da esquerda, oposição entre Lula (líder da esquerda e herói dos pobres)  e Moro (herói da classe média),;;
 24/07/2017;La chute de JBS, géant de la viande, ébranle le modèle brésilien des fleurons nationaux;http://premium.lefigaro.fr/societes/2017/07/24/20005-20170724ARTFIG00223-la-chute-de-jbs-geant-de-la-viande-ebranle-le-modele-bresilien-des-fleurons-nationaux.php;Lava Jato; Michel Leclercq ;ONG Contas Abertas;queda do grupo JBS;;;
 24/07/2017;La chute de JBS, géant de la viande, ébranle le modèle brésilien des fleurons nationaux;http://premium.lefigaro.fr/societes/2017/07/24/20005-20170724ARTFIG00223-la-chute-de-jbs-geant-de-la-viande-ebranle-le-modele-bresilien-des-fleurons-nationaux.php;Lava Jato; Michel Leclercq ;Ricardo Azevedo (diretor da AZ Investimento);queda do grupo JBS;;;
 24/07/2017;La chute de JBS, géant de la viande, ébranle le modèle brésilien des fleurons nationaux;http://premium.lefigaro.fr/societes/2017/07/24/20005-20170724ARTFIG00223-la-chute-de-jbs-geant-de-la-viande-ebranle-le-modele-bresilien-des-fleurons-nationaux.php;Lava Jato; Michel Leclercq ;Adeodato Netto (chefe economista da Eleven  Investimentos);queda do grupo JBS;;;
 24/07/2017;La chute de JBS, géant de la viande, ébranle le modèle brésilien des fleurons nationaux;http://premium.lefigaro.fr/societes/2017/07/24/20005-20170724ARTFIG00223-la-chute-de-jbs-geant-de-la-viande-ebranle-le-modele-bresilien-des-fleurons-nationaux.php;Lava Jato; Michel Leclercq ;Adeodato Netto (professor de Economia da FGV);queda do grupo JBS;;;
 24/07/2017;La chute de JBS, géant de la viande, ébranle le modèle brésilien des fleurons nationaux;http://premium.lefigaro.fr/societes/2017/07/24/20005-20170724ARTFIG00223-la-chute-de-jbs-geant-de-la-viande-ebranle-le-modele-bresilien-des-fleurons-nationaux.php;Lava Jato; Michel Leclercq ;;queda do grupo JBS;;;
27/07/2017;Brésil: L'ancien patron de Petrobras arrêté pour corruption;http://premium.lefigaro.fr/flash-eco/2017/07/27/97002-20170727FILWWW00251-bresil-l-ancien-patron-de-petrobras-arrete-pour-corruption.php;Lava Jato;Le Figaro.fr avec Reuters ;Comunicado oficial da equipe da Lava Jato;Prisão de Aldemir Bendine, ex-diretor da Petrobras entre 2015 e 2016;Essa prisão é a última recuperação do testemunho dos líderes da Odebrecht, feita no contexto de um acordo com os serviços judiciais dos EUA e do Brasil. Esses executivos reconheceram ter pago subornos em 12 países para ganhar contratos;;
27/07/2017;Brésil: L'ancien patron de Petrobras arrêté pour corruption;http://premium.lefigaro.fr/flash-eco/2017/07/27/97002-20170727FILWWW00251-bresil-l-ancien-patron-de-petrobras-arrete-pour-corruption.php;Lava Jato;Le Figaro.fr avec Reuters ;;Prisão de Aldemir Bendine, ex-diretor da Petrobras entre 2015 e 2016;Essa prisão é a última recuperação do testemunho dos líderes da Odebrecht, feita no contexto de um acordo com os serviços judiciais dos EUA e do Brasil. Esses executivos reconheceram ter pago subornos em 12 países para ganhar contratos;;
;;;;;;;;;
;;;;;;;;;
;;;;;;;;;
;;;;;;;;;
