Data;Título;Link;Termo da pesquisa ;Autor;Fontes;Assuntos tratados;;
06.09.2014 ;Grand déballage avant les élections brésiliennes;http://www.lemonde.fr/ameriques/article/2014/09/06/grand-deballage-avant-les-elections-bresiliennes_4483183_3222.html?xtmc=lava_jato&xtcr=88;Lava Jato;Le Monde;Folha de S. Paulo, O Estado de S. Paulo, G1, Paulo Roberto Costa;Petrobras;;
29.01.2015;Petrobras, le scandale qui éclabousse le Brésil;http://www.lemonde.fr/economie/article/2015/01/29/petrobras-le-scandale-qui-eclabousse-le-bresil_4566011_3234.html?xtmc=lava_jato&xtcr=85;Lava Jato  ;Correspondente Nicolas Bourcier;Polícia, advogado de um dos réus, revista Exame, um antigo funcionário da Petrobras,  Ministério Público, anônimo envolvido na investigação,;Escâdalo Petrobrás;;
04.03.2015;Au Brésil, 54 personnalités liées à la politique visées dans le dossier Petrobras;http://www.lemonde.fr/ameriques/article/2015/03/04/au-bresil-54-personnalites-liees-a-la-politique-visees-dans-le-dossier-petrobras_4586872_3222.html?xtmc=lava_jato&xtcr=87;Lava Jato;AFP e Reuters;Ministério Público, Rodrigo Janot;Escândalo Petrobras/ Matéria explicativa sobre a Lava Jato;;
07.03.2015;Tremblement de terre politique au Brésil;http://www.lemonde.fr/ameriques/article/2015/03/07/tremblement-de-terre-politique-au-bresil_4589332_3222.html?xtmc=lava_jato&xtcr=86;Lava Jato;Correspondente Nicolas Bourcier;Jornal O Globo, Fonte anônima ligada ao PMDB, politólogo Roberto Romano, especialistas;Escândalos Políticos- Lava Jato;Lista de Janot;
24.03.2015;Brésil : le trésorier du parti au pouvoir jugé pour corruption dans le scandale Petrobras;http://www.lemonde.fr/ameriques/article/2015/03/24/bresil-le-tresorier-du-parti-au-pouvoir-juge-pour-corruption-dans-le-scandale-petrobras_4599703_3222.html?xtmc=lava_jato&xtcr=84;Lava Jato;AFP  ;Justiça brasileira, investigadores, comunicado do Partido dos Trabalhadores (PT);João Vaccari (tesoureiro do PT), Lava Jato;;
19.06.2015;Brésil : nouvelles arrestations de dirigeants dans le scandale de corruption Petrobras;http://www.lemonde.fr/ameriques/article/2015/06/19/bresil-nouvelles-arrestations-de-dirigeants-dans-le-scandale-de-corruption-petrobras_4658278_3222.html?xtmc=lava_jato&xtcr=83;Lava Jato;Correspondente Nicolas Bourcier;Comunicado oficial da Odebrecht, Polícia Federal;Prisão de Marcelo Odebrecht e Octavio Azevedo;;
12.08.2015 ;La descente aux enfers de Marcelo Odebrecht;http://www.lemonde.fr/economie/article/2015/08/12/la-descente-aux-enfers-de-marcelo-odebrecht_4722099_3234.html?xtmc=lava_jato&xtcr=82;Lava Jato;Correspondente Nicolas Bourcier;Wall Street Journal;Marcelo Odebrecht;Prisão de Marcelo Odebrechet;
10.09.2015;"Le chemin de croix de Dilma Rousseff
";http://www.lemonde.fr/ameriques/article/2015/09/10/le-chemin-de-croix-de-dilma-rousseff_4750709_3222.html#K7cwpg9S2ScZhUOk.99;Lava Jato;Correspondente Claire Gatinois;Jorge Zaverucha (politicólogo), Standard & Poor (agência de rating), Dilma Rousseff, Estado de S. Paulo ( José Neumanne Pinto), Michel Temer, Marco Antonio Carvalho Teixeira (politólogo da FGV), Hélio Bicudo, Flavio Rocha (Riachuelo) ;Crise no governo de Dilma Rousseff;;Uma crise moral, porque a recessão, o desemprego e a inflação são adicionados ao efeito devastador dos casos de corrupção. Não passa um dia sem a operação Lava jato, a investigação sobre o pagamento de subornos ligados ao grupo petrolífero estatal da Petrobras, não envolver políticos de todos os lados bem como líderes do edifício e obras públicas.
27.11.2015;"Au Brésil, le scandale Petrobras-BTP fait trembler le monde politique
";http://www.lemonde.fr/international/article/2015/11/27/au-bresil-le-scandale-petrobras-fait-trembler-brasilia_4818598_3210.html#rbjvRTPIOffPttY5.99;Lava Jato;Correspondente Claire Gatinois;Comunicado oficial de Dilma Rousseff,  fonte anônima próxima a Lula;Prisão de Delcídio do Amaral;"Dilma é tratada como isolada e impopular (Impopulaire et isolée, elle gouverne avec un Congrès qui lui est de plus en plus hostile. Les mesures quelle juge nécessaires pour redresser léconomie et assainir les finances publiques donnent lieu à dinterminables batailles ou sont rejetée). Moro é tratado como ""juizinho de Curitiba"" « petit juge de Curitiba »";
17.12.2015;Le juge Sergio Moro, lEliot Ness brésilien;http://www.lemonde.fr/ameriques/article/2015/12/17/l-eliot-ness-bresilien_4833469_3222.html?xtmc=lava_jato&xtcr=80;Lava Jato;Correspondente Claire Gatinois;Sergio Moro, Folha de S. Paulo, O Globo, Thiago Jabor Pinheiro (advogado especialista em corrupção),  Hélio Schwartsman (Folha de S. Paulo), The Economist, Sunday Times, Carlos Fernando dos Santos Lima (procurador geral da República em Curitiba), fonte anônima próxima de Moro;Sérgio Moro;Perfil de Sergio Moro. Sergio Moro, le « petit juge de province », un brun à la mâchoire carrée, haï des politiques et craint des puissants, mais adulé des simples citoyens brésiliens, sait quil a entre ses mains laffaire de sa vie. Le scandale à même de transformer son pays.;
05.02.2016;"Au Brésil, le carnaval des illusions perdues
";http://www.lemonde.fr/ameriques/article/2016/02/05/au-bresil-le-carnaval-des-illusions-perdues_4860162_3222.html#wjvCtYYROvviHTxU.99;Lava Jato;Correspondente Claire Gatinois;El País, The Economist, Folha de S. Paulo;Crise no Brasil;"O texto fala sobre a vendas de máscaras do ""Japonês da Federal"" no Carnaval de 2016 e se refere à Operação Lava Jato como uma versão brasileira da operação ""Mãos Limpas"" ";
04.03.2016;Lancien président Lula tente de sauver sa réputation et le Brésil;http://www.lemonde.fr/ameriques/article/2016/03/04/lula-tente-de-sauver-sa-peau-et-le-bresil_4876388_3222.html#YFGLz62sZWWT0wlw.99;Lava Jato;Correspondente Claire Gatinois;Lula, jornal O Globo, Rrevista IstoÉ, Folha de S. Paulo, DataFolha, Cristiano Noronha (vice-presidente do escritório de análise política Arko Advice), Stéphane Monclaire (professora de ciências políticas da Sorbonne), ;Lula;envolvimento de Lula na Lava Jato ;
05.03.2016;"Au Brésil, lancien président Lula rattrapé par le scandale Petrobras
";http://www.lemonde.fr/ameriques/article/2016/03/05/bresil-les-partisans-de-l-ex-president-lula-denoncent-un-coup-d-etat_4877046_3222.html#h4EiTpG1gg3CmQmk.99;Lava Jato;Correspondente Claire Gatinois;Procurador Carlos Fernando dos Santos Lima, Lula, politólogo Carlos Melo (Insper), Stéphane Monclaire (professor de política da Sorbonne);Lula;;
06.03.2016;Brésil : rattrapé par le scandale Petrobras, lancien président Lula appelle ses partisans à le soutenir; http://www.lemonde.fr/ameriques/article/2016/03/06/bresil-rattrape-par-le-scandale-petrobras-l-ancien-president-lula-appelle-ses-partisans-a-le-soutenir_4877463_3222.html#uXdFtFz7qxba4aep.99;Lava Jato;AFP e Reuters;Lula, Marco Aurelio Mello, membro da Corte Suprema, rádio CBN, Gilmar Mendes, ;Lula;;
09.03.2016;"Un grand patron du BTP brésilien condamné
";http://www.lemonde.fr/ameriques/article/2016/03/09/un-grand-patron-du-btp-bresilien-condamne_4879208_3222.html#HV6YqZiMGwmlKpK4.99;Lava Jato;Correspondente Claire Gatinois;"Sergio Lazzarini (professor de economia e autor do livro Capitalismo de laços) 
";Marcelo Odebrecht;edição paga;
11.03.2016 ;"
Au Brésil, lancien président Lula tente déviter la prison";http://www.lemonde.fr/international/article/2016/03/11/au-bresil-l-ancien-president-lula-tente-d-eviter-la-prison_4881374_3210.html#usLgXuV83lTbvhQ5.99;Lava Jato;Correspondente Claire Gatinois;O Globo, Cassio Cunha Lima (chefe do PSDB no senado), Floriano Peixoto de Azevedo (professor de Direito da USP), Fernando Gabeira;Lula;;
14.03.2016;"Au Brésil, Dilma Rousseff face à des manifestations dampleur inédite
";http://www.lemonde.fr/ameriques/article/2016/03/14/au-bresil-dilma-rousseff-face-a-des-manifestations-d-ampleur-inedite_4882140_3222.html#z20FUVOQd0xQoQMr.99;Lava Jato;Correspondente Claire Gatinois;Leticia Falcao (manifestante anti-PT), Carlos Melo (politólogo do Insper), Joao Augusto de Castro Neves (consultoria de risco político Eurasia Group), Daniel Pereira Andrade (sociólogo da FGV), Denise Assis (escritora defensora de Dilma);Manifestações contra Dilma Rousseff;;
15.03.2016;"Après la colère de la rue, quel avenir politique pour le Brésil ?
";http://www.lemonde.fr/international/article/2016/03/15/apres-la-colere-de-la-rue-quel-avenir-politique-pour-le-bresil_4883105_3210.html#UEL1IRvRYlhmiJIM.99;Lava Jato;Correspondente Claire Gatinois;André Singer (Folha de S. Paulo), Clovis Rossi (Folha de S. Paulo), Dilma Rousseff, ;Dilma Rousseff;O texto fala sobre 5 hipóteses relacionadas à situação de Dilma no governo: Lula como Ministro (neste momento cita a Operação Lava Jato, Impeachment, Novas eleições, mudança de constituição (parlamentarismo) e Renúncia de Dilma. O texto cita que tanto Lula, Aécio e Temer estão envolvidos na Lava Jato.;
17.03.2016 ;Sergio Moro, le juge qui fait trembler le Brésil;http://www.lemonde.fr/ameriques/article/2016/03/17/bresil-sergio-moro-le-juge-au-c-ur-du-scandale-petrobras_4885091_3222.html#rczp0sCFUWdtVijh.99;Lava Jato;Le Monde;Sérgio Moro, New York Times, ;Sérgio Moro;;
17.03.2016 ;"Le retour de Lula au gouvernement met le Brésil dans la rue
";http://www.lemonde.fr/ameriques/article/2016/03/17/apres-l-arrivee-de-lula-au-gouvernement-le-bresil-s-embrase_4884300_3222.html#g4LdjttWrY8MgZRQ.99;Lava Jato;Correspondente Claire Gatinois;Stéphane Monclaire (especialista em Brasil na Sorbonne), Marco Antonio Carvalho Teixeira (professor de política da FGV), Mathias de Alencastro (politólogo), Carlos Melo (professor do Insper), ;Polêmica sobre a escuta telefônica entre Dilma e Lula;;
17.03.2016 ;Brésil : guérilla judiciaire contre Dilma Rousseff et Lula da Silva;http://www.lemonde.fr/ameriques/article/2016/03/17/bresil-un-juge-demande-la-suspension-de-l-entree-au-gouvernement-de-lula_4885125_3222.html#1PFLDKH65wyp1LLY.99;Lava Jato;Le Monde e AFP; Floriano Peixoto de Azevedo (professor da USP), Stéphane Monclaire (professora da Sorbonne especialista em Brasil);Escuta telefônica da conversa entre Lula e Dilma;Lula é citado como alvo da Operação Lava Jato;
18.03.2016 ;Au Brésil, le duel entre lancien président Lula et le juge Moro;http://www.lemonde.fr/ameriques/article/2016/03/18/au-bresil-le-face-a-face-entre-lula-et-le-juge-moro_4885357_3222.html?xtmc=lava_jato&xtcr=68;Lava Jato;Correspondente Claire Gatinois;Floriano Peixoto de Azevedo (professor da USP), Esther Solana (universitária que realiza uma pesquisa sobre as manifestações no Brasil), Daniel Pereira Andrade (professor de Sociologia da FGV);Lula e Moro;edição paga;
18.03.2016;Brésil : les protagonistes de la crise qui secoue le pays;http://www.lemonde.fr/ameriques/article/2016/03/18/bresil-les-protagonistes-de-la-crise-qui-secoue-le-pays_4886037_3222.html#PhWPlRPgTzibf76o.99;Lava Jato;Le Monde;Sem fontes- explicação sobre os atores envolvidos na crise do país;Protagonistas da crise do Brasil;;
19.03.2016;Au Brésil, la « magie Lula » affaiblie mais toujours vivante;http://www.lemonde.fr/ameriques/article/2016/03/19/lula-se-pose-en-reconciliateur-du-bresil_4886120_3222.html#hjQM3hjdF7rAiO69.99;Lava Jato;Correspondente Claire Gatinois;Evaldo Serafim Coelho (vendedor ambulante), Lula, Celso Marcondes, (Instituto Lula);Lula;"O texto fala que Lula perdeu força, mas ainda tem apoio de muitos brasileiros, e trata das manifestações em seu apoio na época em que foi nomeado  Ministro da Casa Civil. 
Lancien syndicaliste a mis de côté les critiques formulées ces derniers jours contre les médias et les méthodes du juge Sergio Moro, en charge de lenquête « Lava Jato » portant sur le scandale de corruption impliquant le groupe pétrolier Petrobras, des entreprises du BTP et une multitude de dirigeants politiques. Vendredi, il nétait question que de « paix et damour ».";
25.03.2016;Dilma Rousseff : « Pour môter le pouvoir, il faudra des preuves »;http://www.lemonde.fr/ameriques/article/2016/03/25/dilma-rousseff-pour-m-oter-le-pouvoir-il-faudra-des-preuves_4889860_3222.html#XeW1r8La1GlcMGWm.99;Lava Jato;Correspondente Claire Gatinois;Dilma Rousseff;Dilma Rousseff;Entrevista com Dilma Rousseff na época em que havia grandes rumores sobre sua destituição. Dilma concedeu entrevista a 6 jornais estrangeiros, entre eles o Le Monde. Ela defende-se e diz que não está envolvida na Operação Lava Jato.;
28.03.2016;Le juge Moro, ennemi juré de Lula, idole des Brésiliens;http://www.lemonde.fr/m-actu/article/2016/03/28/le-juge-moro-ennemi-jure-de-lula-idole-des-bresiliens_4891019_4497186.html?xtmc=lava_jato&xtcr=64;Lava Jato;Correspondente Claire Gatinois;advogado de um envolvido no caso, Celso Marcondes (Instituto Lula);Sérgio Moro;;
29.03.2016 ;Lula en mission séduction pour défendre Dilma Rousseff;http://www.lemonde.fr/ameriques/article/2016/03/29/l-operation-seduction-de-lula-pour-defendre-dilma-rousseff_4891456_3222.html#L9CmGIpe5pWFBT5W.99;Lava Jato;Correspondente Claire Gatinois;Lula;Lula;A matéria fala sobre a coletiva concedida por Lula à imprensa internacional e sobre a tentativa dele de ajudar a salvar o mandato de Dilma;
30.03.2016;"Brésil : le gouvernement de Dilma Rousseff est-il vraiment fini ?
";http://www.lemonde.fr/ameriques/article/2016/03/30/dilma-rousseff-lachee-par-son-principal-allie_4892108_3222.html#HITxDmLZKeWRb85h.99;Lava Jato;Correspondente Claire Gatinois;Aécio Neves (PSDB), Marco Antonio Carvalho Teixeira (politólogo da FGV), fonte anônima de Brasília;Governo de Dilma Rousseff;;
04.04.2016;"
Brésil : Petrobras au cur de la corruption
";http://www.lemonde.fr/panama-papers/article/2016/04/04/bresil-petrobras-au-c-ur-de-la-corruption_4895173_4890278.html#SYJvCX2kmsjB6JT5.99;Lava Jato;Le Monde;Sem fontes   ;Petrobras;Texto sobre os escândalos de corrupção envolvendo a Petrobras, em especial, o Panama Papers;
07.04.2016;"Au Brésil, la « ?troisième voie » de Marina Silva
";http://www.lemonde.fr/ameriques/article/2016/04/07/au-bresil-la-troisieme-voie-de-marina-silva_4897664_3222.html#cQP7pRqjhGwDUpyP.99;Lava Jato;Correspondente Claire Gatinois;Marina Silva;Entrevista com Marina Silva;Marina comenta sobre a Lava Jato durante a entrevista e o texto fala sobre o envolvimento de Lula na Lava Jato;
16.04.2016;"« Lava jato », prémices dun berluconisme brésilien ?
";http://www.lemonde.fr/idees/article/2016/04/16/lava-jato-premices-d-un-berluconisme-bresilien_4903435_3232.html#OQU80vKSLfx3YXkr.99;Lava Jato;Correspondente Claire Gatinois;Sergio Moro (Folha de S. Paulo),;Comparação com a Operação mãos limpas;edição paga;
16.04.2016;« Le Brésil vit une mise à lépreuve démocratique »;http://www.lemonde.fr/idees/article/2016/04/16/le-parti-des-travailleurs-s-est-laisse-engluer-par-un-systeme-politique-a-bout-de-souffle_4903544_3232.html#ylEmGxwd87U4OwCB.99;Lava Jato;Frédéric Louault ;Dilma Rousseff;Dilma Rousseff;Texto de opinião escrito por Frédéric Louault, professor da Universidade livre de Bruxelas e vice-presidente do Observatório Político da América Latina e Caribe;
13.05.2016;Les embarras judiciaires de Michel Temer, le président brésilien par intérim;http://www.lemonde.fr/ameriques/article/2016/05/13/les-embarras-judiciaires-de-michel-temer-le-president-bresilien-par-interim_4918968_3222.html#mCfAvMZ9g72ieW3x.99;Lava Jato;Correspondente Claire Gatinois;Claudia Ferreira Mac Dowell (procuradora da Justiça Eleitoral), assessor de imprensa de Michel Temer, ;Envolvimento de Michel Temer em casos de corrupção;;
16.05.2016;Après la chute de Dilma Rousseff, le nouveau gouvernement brésilien ne séduit pas;http://www.lemonde.fr/ameriques/article/2016/05/16/apres-la-chute-de-dilma-rousseff-le-nouveau-gouvernement-bresilien-ne-seduit-pas_4920059_3222.html#wSv6rJgp2da6XCmK.99;Lava Jato;Correspondente Claire Gatinois;Mario Vargas Llosa, Armelle Enders (escritora), New York Times, Rosiska Darcy de Oliveira (jornalista do O Globo), Lucia Xavier (grupo de articulação das mulheres negras), Associação Procure Saber, O Globo, Fernando Henrique Cardoso, Marco Antonio Carvalho Teixeira (FGV);Governo interim de Michel Temer;;
24.05.2016;Au Brésil, le gouvernement par intérim rattrapé par le scandale de corruption Petrobras; http://www.lemonde.fr/ameriques/article/2016/05/24/au-bresil-le-gouvernement-par-interim-rattrape-par-le-scandale-de-corruption-petrobras_4925365_3222.html#mhr73mxwzd5l2AsY.99;Lava Jato;Correspondente Claire Gatinois;Marco Antonio Carvalho Teixeira (politólogo da FGV), Aécio Neves, fonte anônima de Brasília;Governo de Dilma Rouseff;edição paga;
07.06.2016 ;Limplosion du système brésilien;http://abonnes.lemonde.fr/idees/article/2016/06/07/l-implosion-du-systeme-bresilien_4940662_3232.html?xtmc=operation_lava_jato&xtcr=78;Lava Jato;Correspondente Claire Gatinois;Laurent Vidal (professor da Université La Rochelle), Site Congresso em Foco, Bruno Brandao (Transparência Internacional), fonte anônima de Brasília, Folha de S. Paulo, Carlos Melo (professor do Insper), Roberto Dias (professor de Direito da FGV), Vidal. Norman Gall (diretor do Instituto Fernand-Braudel em São Paulo), Fernando ­Gabeira (escritor e deputado do Partido Verde) ;Crise no Brasil- Corrupção;;
08.07.2016;Brésil : les larmes amères dEduardo Cunha;http://www.lemonde.fr/ameriques/article/2016/07/08/bresil-les-larmes-ameres-d-eduardo-cunha_4966547_3222.html#twyVdzfterz8kdC3.99;Lava Jato;Correspondente Claire Gatinois;Eduardo Cunha, Marco Antonio Carvalho Teixeira (politólogo da FGV), fonte anônima de Brasília, ;demissão de Eduardo Cunha da presidência da Câmara;Cunha é citado como um dos políticos envolvidos na Lava Jato;
29.07.2016;Au Brésil, lex-président Lula inculpé pour tentative dentrave à la justice;http://www.lemonde.fr/ameriques/article/2016/07/29/au-bresil-l-ex-president-lula-inculpe-pour-tentative-d-entrave-a-la-justice_4976480_3222.html#Mq8wcEz6y4YYQYMX.99;Lava Jato;Correspondente Claire Gatinois;Lula,   Roberto Teixeira e Cristiano Zanin Martins (advogados de Lula), RP do Instituto Lula, Carlos Melo (professor do Insper);Lula;;
13.09.2016;"
Brésil : Eduardo Cunha inéligible jusquen 2027";http://abonnes.lemonde.fr/ameriques/article/2016/09/13/bresil-eduardo-cunha-ineligible-jusqu-en-2027_4996632_3222.html?xtmc=operation_lava_jato&xtcr=64;Lava Jato;Correspondente Claire Gatinois;Eduardo Cunha, Gilberto Maringoni (professor da UFABC), Datafolha, Folha de S. Paulo, Carlos Marun (deputado amigo de Cunha), Marco Antonio Carvalho Teixeira (FGV), ;Eduardo Cunha;;
14.09.2016;"
Petrobras : Lula accusé dêtre le « chef suprême » du réseau de corruption";http://www.lemonde.fr/ameriques/article/2016/09/14/l-ancien-president-bresilien-lula-et-son-epouse-inculpes-pour-corruption_4997791_3222.html#icvFpWQumXqggxC9.99;Lava Jato;Correspondente Claire Gatinois;Deltan Dallagnol, Cristiano Zanin Martins (advogado de Lula), Mathias de Alencastro (politólogo próximo do PT), Lindbergh Farias (senador do PT);Lula;;
15.09.2016;Face aux accusations, lancien président brésilien Lula contre-attaque; http://www.lemonde.fr/ameriques/article/2016/09/15/face-aux-accusations-l-ancien-president-bresilien-lula-contre-attaque_4998481_3222.html#lbZGwWITPe7bcWCy.99;Lava Jato;Correspondente Claire Gatinois;Lula, Folha de S. Paulo, Deltan Dallagnol, Cristiano Zanin (advogado de Lula);Lula;;
17.09.2016;Au Brésil, le business lucratif des bracelets électroniques;http://www.lemonde.fr/economie/article/2016/09/17/au-bresil-le-business-lucratif-des-bracelets-electroniques_4999244_3234.html#Z954hKpblZOMrJym.99;Lava Jato;Correspondente Claire Gatinois;Savio Bloomfield (dono da Spacecom);Aumento da venda de pulseiras eletrônicas;A matéria fala que a Operação Lava Jato é um dos motivos da venda de pulseiras eletrônicas ter crescido no Brasil;
20.09.2016;Lex-président brésilien Lula inculpé de corruption dans laffaire Petrobras;http://www.lemonde.fr/ameriques/article/2016/09/20/l-ex-president-bresilien-lula-sera-juge-pour-corruption-dans-l-affaire-petrobras_5000947_3222.html#DGFWX3bdpISOxgYe.99;Lava Jato;Correspondente Claire Gatinois;Reinaldo Azevedo, Folha de S. Paulo, Sergio Moro, Facebook oficial do Lula, Gilberto Maringoni (Psol);Lula;;
22.09.2016;Brésil : larrestation dun ex-ministre des finances affaiblit encore la défense de Rousseff et Lula;http://www.lemonde.fr/ameriques/article/2016/09/22/bresil-l-ancien-ministre-des-finances-de-dilma-rousseff-arrete_5001949_3222.html#WJ0yMrjpYPXjkTJY.99;Lava Jato;Correspondente Claire Gatinois;Carlos Fernando dos Santos Lima (procurador), Marco Antonio Carvalho Teixeira( politólogo da FGV), Folha de Sao Paulo, Rui Falcão (entrevistado pela Folha);Detenção Provisória de Guido Mantega;;
11.10.2016;Lex-président brésilien Lula mis en cause dans un schéma de corruption en Angola;http://www.lemonde.fr/ameriques/article/2016/10/11/l-ex-president-bresilien-lula-mis-en-cause-dans-un-schema-de-corruption-en-angola_5011451_3222.html#8GeGW0GaTa7zvLl5.99;Lava Jato;Correspondente Claire Gatinois;Cristiano Zanin Martins (advogado de Lula), Ministério Público, Suprema Corte, Gilberto Maringoni (professor da UFABC), Marco Antonio Carvalho Teixeira (FGV);Lula   ;A matéria fala sobre um esquema de corrupção no qual Lula estaria envolvido e cita o envolvimento dele na investigação da Lava Jato;
14.10.2016;Brésil : Lula inculpé dans une affaire de contrats en Angola;http://www.lemonde.fr/ameriques/article/2016/10/14/au-bresil-lula-inculpe-pour-la-troisieme-fois_5013522_3222.html#PGhrGLyh2ddekbff.99;Lava Jato;Correspondente Claire Gatinois;Cristiano Zanin Martins (advogado de Lula), Revista Época, fonte anônima   ;Lula;A matéria fala sobre um esquema de corrupção no qual Lula estaria envolvido e cita o envolvimento dele na investigação da Lava Jato;
19.10.2016;Eduardo Cunha, larchitecte de la destitution de Dilma Rousseff, a été emprisonné;http://www.lemonde.fr/ameriques/article/2016/10/19/bresil-eduardo-cunha-a-ete-arrete_5016643_3222.html#fmgLm0VsYUkUR8Co.99;Lava Jato;Correspondente Claire Gatinois;Marco Antonio Carvalho Teixeira (politólogo da FGV),  Carlos Melo (professor do Insper),  Carlos Melo (politólogo);Eduardo Cunha;;
31.10.2016;"Un évangélique prend la mairie de Rio
";http://www.lemonde.fr/ameriques/article/2016/10/31/un-evangelique-prend-la-mairie-de-rio_5022862_3222.html#1H55QZwUjOBqIOtF.99;Lava Jato;Correspondente Claire Gatinois;Marcelo Crivella, Brand Arenari (professor da UFF), ;Marcelo Crivella;Citação de Marcelo Crivella em uma delação da Lava Jato;
05.11.2016;"« Le taux inédit dabstention aux élections brésiliennes trahit un profond désarroi »
";http://www.lemonde.fr/idees/article/2016/11/05/le-desarroi-de-la-societe-bresilienne_5025904_3232.html#lEsyABwfk9YIZY56.99;Lava Jato;Correspondente Claire Gatinois;Folha de S. Paulo, Marco Antonio Carvalho Teixeira (FGV),   ;Eleições municipais no Brasil;O texto mostra a Lava Jato como um dos elementos que motivaram a abstenção dos eleitores brasileiros;
11.11.2016;La douloureuse renaissance de Petrobras;http://abonnes.lemonde.fr/economie/article/2016/11/11/la-douloureuse-renaissance-de-petrobras_5029389_3234.html?xtmc=lava_jato&xtcr=4;Lava Jato;Correspondente Claire Gatinois;Jose Maria Rangel (técnico de manutenção elétrica da Petrobras), Adriano Pires (diretor do CBIE), André Rocha (analista financeiro), André Nassif (professor de economia da Universidade Federal Fluminense);Petrobras;;
11.11.2016;"La déconfiture de Petrobras a accentué le marasme dans lEtat de Rio
";http://www.lemonde.fr/economie/article/2016/11/11/la-deconfiture-de-petrobras-a-accentue-le-marasme-dans-l-etat-de-rio_5029404_3234.html#PzwdD8Of1sqFpfud.99;Lava Jato;Correspondente Claire Gatinois;André Nassif (professor de economia da Universidade Federal Fluminense), ;Petrobras;;
15.11.2016;Carmen Lucia, la « mère supérieure » qui veut en finir avec la corruption au Brésil;http://www.lemonde.fr/ameriques/article/2016/11/15/carmen-lucia-la-mere-superieure-qui-veut-en-finir-avec-la-corruption-au-bresil_5031619_3222.html#hpYllRZ07fDcpuyh.99;Lava Jato;Correspondente Claire Gatinois;Rodrigo Janot, Carmen Lucia, Daniel Vargas (professor de Direito da FGV);Carmen Lucia;;
26.11.2016;Le gouvernement brésilien fragilisé par la nouvelle démission dun ministre;http://www.lemonde.fr/ameriques/article/2016/11/26/le-gouvernement-bresilien-fragilise-par-la-demission-d-un-nouveau-ministre_5038552_3222.html#V4ey7tiV7p1XzFhj.99;Lava Jato;Correspondente Claire Gatinois;Geddel Vieira Lima, Fabio Zanini (jornalista da Folha), Jose Roberto Toledo (jornalista do Estadão-via Twitter);Demissão de Geddel Vieira Lima;O PMDB é citado como alvo da Operação Lava Jato;
29.11.2016;Lex-gouverneur de Rio, de la vie de château au cachot;http://www.lemonde.fr/m-moyen-format/article/2016/11/29/l-ex-gouverneur-de-rio-de-la-vie-de-chateau-au-cachot_5040070_4497271.html#ZdL5U9GfSg4Lgv4A.99;Lava Jato;Correspondente Claire Gatinois;Piauí, Sérgio Moro, ;Sérgio Cabral;;
05.12.2016;"Les Brésiliens dans la rue contre la corruption
";http://www.lemonde.fr/international/article/2016/12/05/les-bresiliens-dans-la-rue-contre-la-corruption_5043350_3210.html#jq1LI6O96Fz8plzo.99;Lava Jato;Correspondente Claire Gatinois;"participante do MBL, Roberto Livianu (presidente da ONG Nao aceito corrupçao), Kim Kataguiri (MBL), Marcos Tomio (consultor comercial),  Douglas Lima (dono de uma empresa de exportação e importação)
";Manifestação de defesa à Lava Jato;;
09.12.2016;Au Brésil, les réformes tardent et léconomie patine;http://www.lemonde.fr/economie/article/2016/12/09/au-bresil-les-reformes-tardent-et-l-economie-patine_5046159_3234.html#pWLErgj3K2R1Ax2H.99;Lava Jato;Correspondente Claire Gatinois;fonte anônima de Brasília, Marcos Lisboa (Insper), Juan Carlos Rodado (banco Natixis), Luis Stuhlberger (Verde Asset Management), Nilson Teixeira (economista do Credit Suisse), Roberto Feldmann (Professor USP);Crise Política;A Lava Jato é citada por Roberto Feldmann como a melhor coisa que já aconteceu ao Brasil.;
15.12.2016;"Le Brésil senfonce dans une crise de régime
";http://www.lemonde.fr/ameriques/article/2016/12/15/le-president-bresilien-piege-par-un-nouveau-scandale-de-corruption_5049107_3222.html#ELgbsz0lZ7YSeIzI.99;Lava Jato;Correspondente Claire Gatinois;Ronaldo Caiado,  Mathias de Alencastro (politólogo), Jean Wyllys  (PSOL), Gilberto Maringoni, ;Crise Politica;;
20.12.2016;"Au Brésil, la saison 2 de laffaire « Lava Jato »
";http://www.lemonde.fr/ameriques/article/2016/12/20/au-bresil-la-saison-2-de-l-affaire-lava-jato_5051585_3222.html#Tclu2J3tiTxRrHHx.99;Lava Jato;Correspondente Claire Gatinois;Revista Piauí;Lava Jato;;
 23.01.2017;"Au Brésil, mort dun juge anticorruption qui instruisait lenquête « Lava Jato »
";http://www.lemonde.fr/ameriques/article/2017/01/23/au-bresil-mort-d-un-juge-anticorruption-qui-instruisait-l-enquete-lava-jato_5067507_3222.html#OqkzP2PoyisiQEFC.99;Lava Jato;Correspondente Claire Gatinois;Sergio Moro (entrevista para a FSP), Daniel Vargas (professor de Direito da FGV), ;Teori Zavaski;;
30.01.2017;"Fin de cavale pour Eike Batista, le «?Steve Jobs do Brasil?», accusé de corruption
";http://www.lemonde.fr/economie/article/2017/01/30/fin-de-cavale-pour-eike-batista-le-steve-jobs-do-brasil-accuse-de-corruption_5071406_3234.html#XVkETrKtPgKLlb8f.99;Lava Jato;Correspondente Claire Gatinois;Malu Gaspar (jornalista e escritora), Gesner Oliveira (economista), Forbes, ;Eike Batista;;
07.02.2017;"
Désignation controversée dun nouveau juge à la Cour suprême du Brésil
";http://www.lemonde.fr/ameriques/article/2017/02/07/designation-controversee-d-un-nouveau-juge-a-la-cour-supreme-du-bresil_5076173_3222.html#4XHUV58FEjW0p5oU.99;Lava Jato;Correspondente Claire Gatinois;Luis Nassif, Marco Antonio Carvalho Texeira (FGV), Carlos Melo (politologo), Revista Época;Alexandre de Moraes;;
 07.02.2017;Lentreprise brésilienne Odebrecht, multinationale de la corruption;http://www.lemonde.fr/economie/article/2017/02/07/odebrecht-multinationale-de-la-corruption_5075773_3234.html#FgotwVfiAbjH6LZg.99;Lava Jato;Par Frédéric Saliba (Mexico, correspondance), Paulo A. Paranagua, Christine Legrand (Buenos Aires, correspondante), Jean-Michel Caroit (Saint-Domingue, correspondant), Adrien Barbier et Claire Gatinois (Sao Paulo, correspondante);Imprensa, Pedro Pablo Kuczynski (PPK), Rafael Marques (jornalista da Angola), ;Corrupção da Odebrecht;;
 09.02.2017;"Le président brésilien désigne son ministre de la justice pour la Cour suprême
";http://www.lemonde.fr/international/article/2017/02/09/le-president-bresilien-designe-son-ministre-de-la-justice-pour-la-cour-supreme_5077046_3210.html#pAzVTWzX1XS1jspp.99;Lava Jato;Correspondente Claire Gatinois;Luis Nassif, Carlos Melo (politólogo);Alexandre de Moraes;;
10.02.2017;Les médecins de lépouse de Lula déversaient leur haine sur WhatsApp;http://www.lemonde.fr/m-actu/article/2017/02/10/les-medecins-de-l-epouse-de-lula-deversaient-leur-haine-sur-whatsapp_5077838_4497186.html#XKIRPIQoeGjoVUkh.99;Lava Jato;Correspondente Claire Gatinois;Clãudia Colucci (Folha de S. Paulo), O Globo, Estadão, Ana Estela Haddad (esposa de Haddad), Noemi Araujo (psicanalista próxima de Lula), ;Marisa Letícia e Lula;;
24.02.2017;"Au carnaval de Rio, la politique sinvite à la fête
";http://www.lemonde.fr/m-moyen-format/article/2017/02/24/au-carnaval-de-rio-la-politique-s-invite-a-la-fete_5084623_4497271.html#TZvM00yBLKkrWpLU.99;Lava Jato;Correspondente Claire Gatinois;Rosa Magalhães (cenógrafa), Luiz Antonio Simas (historiador e escritor), Manuela Trindade Oiticica (membro de um bloco), Vagner Fernandes (membro de um bloco), ;Carnaval com tema político;;
28.02.2017;Au Brésil, le règne de limpunité;http://abonnes.lemonde.fr/idees/article/2017/02/28/au-bresil-le-regne-de-l-impunite_5086863_3232.html?xtmc=lava_jato&xtcr=49;Lava Jato;Correspondente Claire Gatinois;David Fleischer (politólogo), Michel Temer, Bernardo Mello Franco (Folha de S. Paulo), Romero Jucá (citado), Kim Kataguiri (MBL), Carlos Melo (politólogo);Impunidade política no Brasil;;
03.03.2017;« Le Monde » révèle les soupçons de corruption sur lattribution des JO 2016 à Rio; http://www.lemonde.fr/jeux-olympiques-rio-2016/article/2017/03/03/le-monde-revele-les-soupcons-de-corruption-sur-l-attribution-des-jo-2016-a-rio_5088557_4910444.html#X1j8qPcb3KdZ2s6B.99;Lava Jato;Yann Bouchez;Shintaro Ishihara (governador de Tóquio), Papa Massata Diack (filho de Lamine Diack, ex-presidente da Iaaf- Associação Internacional de Federações de Atletismo);Investigação sobre ilegalidades nos Jogos Olímpicos do Rio;Sérgio Cabral, na época prefeito do Rio, é citado como preso na Operação Lava Jato;
15.03.2017;Au Brésil, lensemble du système politique visé par lenquête anticorruption;http://www.lemonde.fr/ameriques/article/2017/03/15/de-nouvelles-personnalites-politiques-visees-par-l-enquete-petrobras_5094506_3222.html#WJueEES7E3MqEuW4.99;Lava Jato;Correspondente Claire Gatinois;Lula, Gilberto Maringoni (professor da UFABC), Folha de S. Paulo, El Pais Brasil, Mathias de Alencastro (politólogo);Lava Jato;cita Lula;
27.03.2017;Des manifestations sans passion au Brésil pour soutenir lopération « Lava Jato »;http://www.lemonde.fr/ameriques/article/2017/03/27/des-manifestations-sans-passion-au-bresil-pour-soutenir-lava-jato_5101116_3222.html#dzHKI1T6cCfAGC3A.99;Lava Jato;Correspondente Claire Gatinois;Joao Luiz Deus Deu (manifestante), Sibelle (manifestante), líder do movimento Vem Pra Rua, Suzy Fleury (psicóloga), ;Manifestações pró-Lava Jato;;
30.03.2017;Brésil : le lourd tribut économique du retour à léthique;http://www.lemonde.fr/economie/article/2017/03/30/bresil-le-lourd-tribut-economique-du-retour-a-l-ethique_5103268_3234.html#Ob7rDhTmF0HeQbQt.99;Lava Jato;Correspondente Claire Gatinois; Joao Cayres (secretário da Cut), Gabriel Kohlmann (da empresa Prospectiva), Nelson Marconi (economista da FGV), Juan Carlos Rodado (economista da Natixis), ;Efeitos negativos da Lava Jato na economia;;
30.03.2017;"Au Brésil, Eduardo Cunha condamné à quinze ans et quatre mois de prison
";http://www.lemonde.fr/international/article/2017/03/30/au-bresil-eduardo-cunha-condamne-a-quinze-ans-et-quatre-mois-de-prison_5103541_3210.html#S5yb4ZJuickZSxaS.99;Lava Jato;Correspondente Claire Gatinois;Sergio Moro, O Globo, Marco Antonio Carvalho Teixeira (FGV);condenação de Eduardo Cunha;;
12.04.2017;Corruption au Brésil : la justice va enquêter sur 80 parlementaires et ministres;http://www.lemonde.fr/ameriques/article/2017/04/12/corruption-au-bresil-la-justice-va-enqueter-sur-80-parlementaires-et-ministres_5109754_3222.html#MIyum6C5YfMhwEPz.99;Lava Jato;Le Monde com AF e AP;Estadão, Claudio Couto (FGV);Investigação de políticos na Operação Lava Jato- Lista de Edson Fachin;;
13.04.2017;Lensemble du vieux monde politique brésilien dans la tourmente « Lava Jato »;http://www.lemonde.fr/ameriques/article/2017/04/13/l-ensemble-du-vieux-monde-politique-bresilien-dans-la-tourmente-lava-jato_5110670_3222.html#LS4eUzEat8b0tQok.99;Lava Jato;Correspondente Claire Gatinois;Congresso em Foco, Aécio Neves (em nota), Folha de S. Paulo, Marco Antonio Carvalho Teixeira (FGV), Sylvio Costa (fundador do site Congresso em Foco), Carlos Melo (politólogo);Lista de Fachin;;
14.04.2017;« Lava Jato » : lampleur de la corruption au Brésil saffiche en vidéo;http://www.lemonde.fr/ameriques/article/2017/04/14/lava-jato-l-ampleur-de-la-corruption-au-bresil-s-affiche-en-video_5111482_3222.html#MfpyjX1vvCRajTVF.99;Lava Jato;Correspondente Claire Gatinois;Matias Spektor (Folha de S. Paulo), Marcio Faria (um chefe na Odebrecht), Marcelo Odebrecht, Michel Temer (pronunciamento oficial);Delação de funcionários da Odebrecht;cita Lula;
25.04.2017;La politique brésilienne dans limpasse;http://abonnes.lemonde.fr/idees/article/2017/04/25/la-politique-bresilienne-dans-l-impasse_5117131_3232.html?xtmc=lava_jato&xtcr=36;Lava Jato;Correspondente Claire Gatinois; Elio Gaspari (Folha de S. Paulo), Mathias de Alencastro (politólogo), Luciana Lossio (juíza), Ricardo Rangel (editor do O Globo), Michel Temer, Luis Nassif;Ministros de Temer envolvidos na Lava Jato;;
04.05.2017;Au Brésil, la libération de lex-bras droit de Lula suscite lémoi;http://www.lemonde.fr/ameriques/article/2017/05/04/au-bresil-la-liberation-de-l-ex-bras-droit-de-lula-suscite-l-emoi_5122242_3222.html#T4GmlYtsBil3EElM.99;Lava Jato;Correspondente Claire Gatinois; Dias Toffoli, Gilmar Mendes, Folha de S. Paulo, Oscar Vilhena Vieira (FGV), Carlos Melo (politólogo), ;Liberação de José Dirceu;;
11.05.2017;Au Brésil, le « show » de Lula face à la justice;http://www.lemonde.fr/ameriques/article/2017/05/11/au-bresil-lula-face-a-la-justice-et-a-un-avenir-politique-incertain_5125782_3222.html#vQMl5cAQRWIksdda.99;Lava Jato;Correspondente Claire Gatinois;Lula, Gilberto Maringoni (professor da UFABC), militante pró-Lula, Michel Temer, Joao Pedro Stédile (líder do MST), Fatima Bezerra (senadora do PT), Lincoln Secco (professor da USP e autor de um livro sobre o PT), Mathias Alencastro (politólogo), ;Interrogatório de Lula diante de Sergio Moro;;
12.05.2017;Dilma Rousseff un an après sa chute : ni remords ni regrets;http://www.lemonde.fr/m-moyen-format/article/2017/05/12/dilma-rousseff-un-an-apres-sa-chute-ni-remords-ni-regrets_5127072_4497271.html#WGQVf7lhSPl5fG3z.99;Lava Jato;Correspondente Claire Gatinois;Dilma Rousseff;Entrevista com Dilma Rousseff;;
12.05.2017;"Un an après larrivée au pouvoir de Temer, nombre de Brésiliens souhaitent refermer la « parenthèse »
";http://www.lemonde.fr/international/article/2017/05/12/un-an-apres-son-arrivee-au-pouvoir-nombre-de-bresiliens-souhaitent-refermer-la-parenthese-temer_5127075_3210.html#T0AbQMOqCBQM4tE1.99;Lava Jato;Correspondente Claire Gatinois;Laura Carvalho (professora da USP), Luiz Carlos Bresser-Pereira (economista), Lula, Ruda Ricci (socióloga), ;1 ano de Temer no Poder;;
16.05.2017;Au Brésil, première année difficile pour le président Michel Temer;http://www.lemonde.fr/international/article/2017/05/16/au-bresil-premiere-annee-difficile-pour-le-president-michel-temer_5128584_3210.html#yPSFJeS6HWqcwQhj.99;Lava Jato;Correspondente Claire Gatinois;Michel Tever (revista Veja), Gaudencio Torquato (amigo de Temer e dono da GT Marketing), membro do PT anônimo,  Luiz Flavio Guimaraes (especialista em Comunicação Política), Dilma Rousseff, Marco Antonio Carvalho Teixeira (FGV), Luiz Felipe de Alencastro  (historiador), Folha de S. Paulo, revista Veja, amigo próximo de Michel Temer, Carta Capital, Luiz Carlos Bresser-Pereira (economista), Guilherme Boulos (MST), Lula ;Impopularidade de Temer- 1 ano de governo;;
18.05.2017;Au Brésil, le président Temer éclaboussé par de nouvelles révélations;http://www.lemonde.fr/ameriques/article/2017/05/18/au-bresil-le-president-temer-eclabousse-par-de-nouvelles-revelations_5129489_3222.html#M7C8Y75bgmMKGosM.99;Lava Jato;Correspondente Claire Gatinois;TV Globo, jornal O Globo, Michel Temer (n via comunicado oficial), Carlos Melo (Insper), Marco Antonio Carvalho Teixeira (FGV);denúncias contra Temer;;
18.05.2017;Brésil : le président Temer refuse de démissionner et plaide son innocence;http://www.lemonde.fr/ameriques/article/2017/05/18/bresil-le-president-temer-refuse-de-demissionner-et-plaide-son-innocence_5130121_3222.html#PuqUkX4hH8zZ9pMq.99;Lava Jato;Correspondente Claire Gatinois;Michel Temer (comunicado oficial), Fernando Henrique Cardoso, O Globo, Revista Piauí, Alessandro Molon, Mathias de Alencastro (politólogo);denúncias contra Temer;;
19.05.2017;Brésil : le président Michel Temer accusé dobstruction à la justice;http://www.lemonde.fr/ameriques/article/2017/05/19/bresil-le-president-michel-temer-accuse-d-obstruction-a-la-justice_5130774_3222.html#46FrOB3DDv35WJTM.99;Lava Jato;Le Monde com a AFP;O Globo,  Michel Temer, ;Michel Temer;;
20.05.2017;"
Brésil : le président Michel Temer réclame la suspension de lenquête qui le vise";http://www.lemonde.fr/ameriques/article/2017/05/20/bresil-le-president-michel-temer-reclame-la-suspension-de-l-enquete-qui-le-vise_5131168_3222.html#yKCgTBCcHMZVXMFE.99;Lava Jato;Correspondente Claire Gatinois;advogados de Temer, O Globo, Antonio Carvalho Teixeira (FGV), Congresso em Foco, ;Michel Temer;;
 21.05.2017;"La justice française enquête sur des soupçons de corruption après la vente de sous-marins au Brésil
"; http://www.lemonde.fr/police-justice/article/2017/05/21/la-justice-francaise-enquete-sur-des-soupcons-de-corruption-apres-la-vente-de-sous-marins-au-bresil_5131272_1653578.html#wEhUBTmR1yfz3hAM.99;Lava Jato;Le Monde.fr avec AFP;Le Parisien, fonte anônima, PNF (parquet national financier), construtora naval DCNS, Rodrigo Janot ;submarino francês/propina na compra;A DCNS  é parceira da Odebrecht;
22.05.2017;Au Brésil, la mobilisation faiblit, mais pas les ennuis du président Michel Temer;http://www.lemonde.fr/ameriques/article/2017/05/22/au-bresil-la-mobilisation-s-affaiblit-mais-pas-les-ennuis-de-michel-temer_5131415_3222.html#vV8HqIBjS4zi4R6k.99;Lava Jato;Correspondente Claire Gatinois;Luan (manifestante professor de História), Joao Batista Paes de Barros (professor de Ed. Física e manifestante), Kim Kataguiri, Paulo Baia (professor da UFRJ), Mathias de Alencastro, OAB;Michel Temer;;
24.05.2017;Au Brésil, les « cow-boys » de JBS font trembler la République;http://www.lemonde.fr/economie/article/2017/05/24/au-bresil-les-cow-boys-de-jbs-font-trembler-la-republique_5133225_3234.html#VtEb4t2L7zAZ0OLo.99;Lava Jato;Correspondente Claire Gatinois;Revista Piauí, Consuelo Dieguez (jornalista), porta-voz da Associação Brasileira dos Abatedouros, José Carlos Hausknecht (MB Agro), Paulo Baia (professor da FEI), ;escândalo da JBS;Michel Temer obteve favores da JBS para obstruir a Operaçao Lava Jato.;
31.05.2017;Le faux départ de léconomie brésilienne;http://abonnes.lemonde.fr/economie/article/2017/05/31/le-faux-depart-de-l-economie-bresilienne_5136450_3234.html?xtmc=lava_jato&xtcr=21;Lava Jato;Correspondente Claire Gatinois;Michel Temer (discurso oficial), Bloomberg, Valdir de Queiroz (dono da Ceci Grelhados), O Estado de S. Paulo, Standard & Poors, Juan Carlos Rodado (Natixis), André Nassif (professor da UFF), ;;;
22.05.2017;"Au Brésil, la mobilisation faiblit, mais pas les ennuis du président Michel Temer
";http://www.lemonde.fr/ameriques/article/2017/05/22/au-bresil-la-mobilisation-s-affaiblit-mais-pas-les-ennuis-de-michel-temer_5131415_3222.html#VClzEzGMmURHmcfO.99;Lava Jato;Correspondente Claire Gatinois;Manifestante Luan,  manifestante Joao Batista Paes de Barros, Kim Kataguiri, Paulo Baia (professor de política da UFRJ), Mathias de Alencastro (politólogo), OAB, ;Michel Temer;Manifestações contra Michel Temer organizadas por grupos de esquerda;
24.05.2017;"Au Brésil, les « cow-boys » de JBS font trembler la République
";http://www.lemonde.fr/economie/article/2017/05/24/au-bresil-les-cow-boys-de-jbs-font-trembler-la-republique_5133225_3234.html#DkCUvK230JiT88dz.99;Lava Jato;Correspondente Claire Gatinois;Revista Piauí (Consuelo Dieguez), porta-voz da Associação Brasileira dos Abatedouros,  José Carlos Hausknecht (da MBA Agro), BNDES, Sergio Lazzarini (economista e autor do livro Capitalismo de Laços), Paulo Baia (professor de economia da FEI);escândalo JBS;História da JBS e escândalos nos quais a empresa se envolveu;
31.05.2017;Le faux départ de léconomie brésilienne;http://abonnes.lemonde.fr/economie/article/2017/05/31/le-faux-depart-de-l-economie-bresilienne_5136450_3234.html?xtmc=lava_jato&xtcr=16;Lava Jato;Correspondente Claire Gatinois;Michel Temer (pronunciamento oficial), Valdir de Queiroz (proprietário do Ceci Grelhados, um açougue), Pesquisa do jornal O Estado de S. Paulo, FIESP, Juan Carlos Rodado (economista do Natixis), André Nassif (professor da UFF);Michel Temer/ crise econômica;Juan Carlos Rodado, responsável pela pesquisa econômica da Natixis, questiona se haveria a possibilidade de o substituto de Temer ser também um outro cacique político envolvido na Operação Lava Jato;
03.06.2017 ;Au Brésil, semaine décisive pour lavenir de Michel Temer;http://www.lemonde.fr/ameriques/article/2017/06/03/au-bresil-semaine-decisive-pour-l-avenir-de-michel-temer_5138319_3222.html#csG0cuzki1ymr6iR.99;Lava Jato;Correspondente Claire Gatinois;Paulo Baia (professor de Ciências Políticas da UFRJ), Chico Alencar (deputado do PSOL), Kim Kataguiri (MBL), ;Michel Temer;O texto fala sobre a Lava Jato como o maior escândalo político da história do Brasil. ;Le président instille lidée quaprès lui viendra le chaos. De fait, depuis sa déflagration, en 2014, lopération judiciaire « Lava Jato » (lavage express) a mis au jour le plus grand scandale de corruption de lhistoire du Brésil, jetant en prison les cols blancs et les milliardaires de Brasilia. Personne nest épargné. Aussi, à peine le nom dun successeur potentiel émerge que sensuit un commentaire affligé : « Il est aussi mis en cause dans Lava Jato. »
 06.06.2017;Le procès qui pourrait signer la fin du mandat du président Temer souvre au Brésil;http://www.lemonde.fr/ameriques/article/2017/06/06/le-proces-qui-pourrait-signer-la-fin-du-mandat-du-president-temer-s-ouvre-au-bresil_5139533_3222.html#8LhfEcLcB6Bj1t5I.99;Lava Jato;Correspondente Claire Gatinois;Folha de S. Paulo;Michel Temer;O texto cita o envolvimento de Michel Temer na Operação Lava Jato;
09.06.2017;Le Brésil suspendu au procès de son président Michel Temer;http://www.lemonde.fr/ameriques/article/2017/06/09/le-bresil-suspendu-au-jugement-de-son-president_5140986_3222.html#ieuh08VroGrlapek.99;Lava Jato;Correspondente Claire Gatinois;Gustavo Guedes (advogado de Temer), Roberto Dias (Folha de S. Paulo), Gilmar Mendes, Herman Benjamin, Laurent Vidal (professor da UFRJ), Joaquim Barbosa (ex-Juiz);Michel Temer;Absolvição de Temer no processo de regularidade das contas na eleição presidencial de 2014;
10.06.2017;"Le président brésilien évite de peu la destitution
";http://www.lemonde.fr/ameriques/article/2017/06/10/le-president-bresilien-conserve-son-mandat_5141759_3222.html#rkl3xLJEj07omrt7.99;Lava Jato;Correspondente Claire Gatinois;César Felicio (editor do jornal Valor Econômico), Miriam Leitão (jornalista do O Globo), Raquel Landim (Folha de S. Paulo), Gilmar Mendes (presidente do TSE- citação indireta), Paulo Baia (professor da UFRJ), Laurent Vidal (professor de História convidado pela UFRJ), Norman Gall (Instituto Fernand-Braudel- think tank econômico), fonte anônima do PSDB), ;Michel Temer;;
14.06.2017;Brésil : lex-gouverneur de lEtat de Rio condamné à 14 ans de prison;http://www.lemonde.fr/ameriques/article/2017/06/14/bresil-l-ex-gouverneur-de-l-etat-de-rio-condamne-a-14-ans-de-prison_5144251_3222.html#SFbtoLEGWJqwWIZk.99;Lava Jato;Correspondente Claire Gatinois;Sergio Moro,  Revista Piauí, Michel Temer (pronunciamento na TV);Condenação de Sergio Cabral;"Sobre Sergio Moro ""Avec cette nouvelle condamnation, Sergio Moro fait montre, une fois de plus, de son intransigeance. Balayant les critiques laccusant davoir la main lourde, le juge de Curitiba poursuit ainsi son travail de « justicier » à même denfermer les cols blancs, les milliardaires et les sénateurs, qui lui vaut ladmiration dune partie des Brésiliens et la haine des politiciens""";
22.06.2017;Létoile pâlie du Brésil sur la scène internationale;http://www.lemonde.fr/idees/article/2017/06/22/l-etoile-palie-du-bresil-sur-la-scene-internationale_5149099_3232.html#dVI3A5TdhMgbR7uZ.99;Lava Jato;Correspondente Claire Gatinois;Joaquim Barbosa (possível candidato da Rede), Antonio Delfim Netto (na Folha de S. Paulo), Andrés Malamud (politólogo argentino que escreveu no La Nación), Paulo Sergio Pinheiro, Luiz Felipe de Alencastro;Michel Temer. Brasil perde seu crédito internacional;" O texto fala sobre a falta de crédito e falta de respeito pelo Brasil por conta dos escândalos políticos.  Quen dépit des railleries et de la désolation dune partie des citoyens face à linterminable scandale de corruption mis au jour par lopération judiciaire « Lava Jato » (« lavage express ») le Brésil ne sest pas transformé en une honteuse « République bananière ».
";
27.06.2017;Le président brésilien mis en cause par la justice;http://www.lemonde.fr/ameriques/article/2017/06/27/demande-de-mise-en-accusation-pour-corruption-contre-le-president-bresilien-temer_5151500_3222.html#V2U6gqVld2DEIqXI.99;Lava Jato;Correspondente Claire Gatinois;Rodrigo Janot, site Congresso em Foco, Pablo Ortellado( professor da USP), Robson Andrade (presidente da Confederação Nacional da Indústria), Folha de S. Paulo, Michel Temer, Sylvio Costa (Congresso em Foco);Michel Temer;Michel Temer é acusado de corrupção passiva;
27.06.2017;"Au Brésil, Michel Temer à loffensive pour dénoncer une justice de « fiction »
";http://www.lemonde.fr/ameriques/article/2017/06/27/au-bresil-michel-temer-a-l-offensive-pour-denoncer-une-justice-de-fiction_5152098_3222.html#B4xvGp7280q8ezJP.99;Lava Jato;Correspondente Claire Gatinois;Michel Temer;Michel Temer;Michel Temer acusa Rodrigo Janot de querer fragilizar o governo. Michel insinua que Janot pode ter recebido propina de Joesley Batista, envolvido no escândalo da Lava Jato;
 12.07.2017;"Brésil : lancien président Lula condamné à neuf ans et demi de prison pour corruption
";http://www.lemonde.fr/ameriques/article/2017/07/12/bresil-l-ancien-president-lula-condamne-a-neuf-ans-et-demi-de-prison-pour-corruption_5159746_3222.html#fA6qvqvGDXIM6QEe.99;Lava Jato;Equipe (RJ);Sergio Moro, advogados de Lula para a Agence France Presse, Paulo Okamotto (presidente do Instituto Lula) para o jornal O Globo, pesquisa da Folha de S. Paulo, consultoria Eurásia, Mauricio Santoro (professor de ciências políticas na UFRJ),  jornal Estadão, Thiago Bottino (professor da FGV);Lula;Condenação em primeira instância de Luís Inácio Lula da Silva;
13.07.2017;Brésil : tout comprendre à lopération « Lava Jato »;http://www.lemonde.fr/ameriques/article/2017/03/26/affaire-petrobras-retour-sur-les-trois-annees-qui-ont-marque-le-bresil_5100932_3222.html#vyOSLMlm7CWF0Ica.99;Lava Jato;Nicolas Bourcier e Claire Gatinois;sem fontes;Recapitulação da Operação Lava Jato;Narrativa sobre a Operação;
13.07.2017;"Brésil : comprendre la condamnation de Lula et le scandale Petrobras en 8 questions
"; http://www.lemonde.fr/les-decodeurs/article/2017/07/13/bresil-comprendre-la-condamnation-de-lula-et-le-scandale-petrobras-en-8-questions_5160238_4355770.html#xoA1OBLyYrKAAfur.99;Lava Jato;Redação Snapchat;pesquisa da Folha de S. Paulo;Lula e Lava Jato;O Le Monde elencou 8 perguntas para entender a condenação de Lula em primeira instância e a Operação Lava Jato como um todo. As perguntas são: 1) Por que a condenação é importante? 2) Do que Lula é culpado? 3) O que é a Lava Jato? 4) O que revela este vasto escândalo? 5) Quantos políticos foram envolvidos no escândalo? 6) Como Lula defende-se? 7) Lula poderá tornar-se presidente novamente? 8) Como o país enfrenta o escândalo? ;
 19.07.2017;"Brésil : la justice bloque des comptes et saisit des biens de lex-président Lula
";http://www.lemonde.fr/ameriques/article/2017/07/19/bresil-la-justice-bloque-des-comptes-et-saisit-des-biens-de-l-ex-president-lula_5162675_3222.html#Vdisue4t4sdvlZPI.99;Lava Jato;Le Monde com a AFP;Lula;Lula;O texto fala sobre o bloqueio das contas e bens de Lula pela Justiça;
19.07.2017;Pérou?: le président Kuczynski confronté aux retombées du scandale Odebrecht;http://www.lemonde.fr/ameriques/article/2017/07/19/perou-le-president-kuczynski-confronteaux-retombees-du-scandale-odebrecht_5162370_3222.html#y58iaL8dAedkcRpJ.99;Lava Jato;Paulo A. Paranagua;sem fonte;Escândalo de corrupção no Chile;A investigação do caso ganhou o mesmo nome da operação brasileira Lava Jato;
