Data;Título;Link;Termo da pesquisa ;Autor;Fontes;Assuntos tratados;Conteúdo;
06.09.14;Des dizaines de parlementaires brésiliens accusés d'avoir touché des pots-de-vin;http://liberation.fr/planete/2014/09/06/des-dizaines-de-parlementaires-bresiliens-accuses-d-avoir-touche-des-pots-de-vin_1094840;Lava Jato; AFP;Folha de S. Paulo;Delação premiada de Paulo Roberto Costa;O texto fala que a delação de Paulo Roberto Costa poderia afetar a eleição de 2014 e prejudicar Dilma Rousseff. Marina Silva é citada como a favorita a vencer a disputa presidencial.;
06.09.14;Des dizaines de parlementaires brésiliens accusés d'avoir touché des pots-de-vin;http://liberation.fr/planete/2014/09/06/des-dizaines-de-parlementaires-bresiliens-accuses-d-avoir-touche-des-pots-de-vin_1094840;Lava Jato; AFP;Estado de S. Paulo;Delação premiada de Paulo Roberto Costa;O texto fala que a delação de Paulo Roberto Costa poderia afetar a eleição de 2014 e prejudicar Dilma Rousseff. Marina Silva é citada como a favorita a vencer a disputa presidencial.;
06.09.14;Des dizaines de parlementaires brésiliens accusés d'avoir touché des pots-de-vin;http://liberation.fr/planete/2014/09/06/des-dizaines-de-parlementaires-bresiliens-accuses-d-avoir-touche-des-pots-de-vin_1094840;Lava Jato; AFP;;Delação premiada de Paulo Roberto Costa;O texto fala que a delação de Paulo Roberto Costa poderia afetar a eleição de 2014 e prejudicar Dilma Rousseff. Marina Silva é citada como a favorita a vencer a disputa presidencial.;
28.02.15;Rousseff tente de passer entre les gouttes du «Petrolão»;http://liberation.fr/planete/2015/02/27/rousseff-tente-de-passer-entre-les-gouttes-du-petrolao_1211209;Lava Jato;Chantal Rayes;Eliane Cantanhêde (jornal O Estado de São Paulo);Lava Jato;"O texto fala que a Operação Lava Jato poderia desestabilizar o governo de Dilma e acabar pesando na hora de pedirem a sua destituição. Dilma é citada como alguém que não estava diretamente ligada ao ""Petrolão""";
28.02.15;Rousseff tente de passer entre les gouttes du «Petrolão»;http://liberation.fr/planete/2015/02/27/rousseff-tente-de-passer-entre-les-gouttes-du-petrolao_1211209;Lava Jato;Chantal Rayes;Dilma Rousseff;Lava Jato;"O texto fala que a Operação Lava Jato poderia desestabilizar o governo de Dilma e acabar pesando na hora de pedirem a sua destituição. Dilma é citada como alguém que não estava diretamente ligada ao ""Petrolão""";
06.02.15;Petrobras : le Parti des travailleurs éclaboussé;http://liberation.fr/planete/2015/02/05/petrobras-le-parti-des-travailleurs-eclabousse_1196549;Lava Jato;sem assinatura;porta-voz da Polícia Federal;Prisão de João Vaccari Neto;Lopération fédérale, baptisée «Lava Jato» («lavage rapide»), a délivré jeudi 62 mandats judiciaires, arrêté une vingtaine de personnes, et procédé à 40 perquisitions dans plusieurs Etats.;
06.02.15;Petrobras : le Parti des travailleurs éclaboussé;http://liberation.fr/planete/2015/02/05/petrobras-le-parti-des-travailleurs-eclabousse_1196549;Lava Jato;sem assinatura;;Prisão de João Vaccari Neto;Lopération fédérale, baptisée «Lava Jato» («lavage rapide»), a délivré jeudi 62 mandats judiciaires, arrêté une vingtaine de personnes, et procédé à 40 perquisitions dans plusieurs Etats.;
27.01.16;Un policier d'origine japonaise propulsé star nationale au Brésil;http://liberation.fr/planete/2016/01/27/un-policier-d-origine-japonaise-propulse-star-nationale-au-bresil_1429136;Lava Jato;François Xavier Gomes;Newton Ishii (vídeo dele no Facebook);Japonês da Federal;O texto fala sobre a popularidade que Newton Ishii, o Japonês da Federal, ganhou no Brasil e sobre o fato de ele até virar tema de marchinhas de Carnaval;
01.04.16;Qui veut encore sauver la gauche brésilienne ?;http://liberation.fr/planete/2016/03/31/qui-veut-encore-sauver-la-gauche-bresilienne_1443168;Lava Jato;Chantal Rayes;Análise/ Juliana Vasconcelos (fotógrafa pró-Dilma);Descrédito da esquerda Brasileira;" Além da análise da repórter Chantal Rayes, há um espaço para pessoas pró e anti impeachment demonstrarem sua opinião/ Trecho de destaque ""Ironie du sort, la police fédérale et le ministère public qui ont révélé laffaire nont jamais été aussi actifs et indépendants que sous le PT. Le parti de Lula nest pas seul en cause dans le scandale, loin sen faut. Même Aécio Neves, ténor de lopposition, est cité dans laffaire. En révélant les entrailles du pouvoir, lopération Lava Jato («lavage express») menace désormais lensemble de la classe politique.""";
01.04.16;Qui veut encore sauver la gauche brésilienne ?;http://liberation.fr/planete/2016/03/31/qui-veut-encore-sauver-la-gauche-bresilienne_1443168;Lava Jato;Chantal Rayes;Domingos Tomé (administrador de empresas pró-Dilma);Descrédito da esquerda Brasileira;" Além da análise da repórter Chantal Rayes, há um espaço para pessoas pró e anti impeachment demonstrarem sua opinião/ Trecho de destaque ""Ironie du sort, la police fédérale et le ministère public qui ont révélé laffaire nont jamais été aussi actifs et indépendants que sous le PT. Le parti de Lula nest pas seul en cause dans le scandale, loin sen faut. Même Aécio Neves, ténor de lopposition, est cité dans laffaire. En révélant les entrailles du pouvoir, lopération Lava Jato («lavage express») menace désormais lensemble de la classe politique.""";
01.04.16;Qui veut encore sauver la gauche brésilienne ?;http://liberation.fr/planete/2016/03/31/qui-veut-encore-sauver-la-gauche-bresilienne_1443168;Lava Jato;Chantal Rayes;Ana Paula Coelho (advogada anti-Dilma);Descrédito da esquerda Brasileira;" Além da análise da repórter Chantal Rayes, há um espaço para pessoas pró e anti impeachment demonstrarem sua opinião/ Trecho de destaque ""Ironie du sort, la police fédérale et le ministère public qui ont révélé laffaire nont jamais été aussi actifs et indépendants que sous le PT. Le parti de Lula nest pas seul en cause dans le scandale, loin sen faut. Même Aécio Neves, ténor de lopposition, est cité dans laffaire. En révélant les entrailles du pouvoir, lopération Lava Jato («lavage express») menace désormais lensemble de la classe politique.""";
01.04.16;Qui veut encore sauver la gauche brésilienne ?;http://liberation.fr/planete/2016/03/31/qui-veut-encore-sauver-la-gauche-bresilienne_1443168;Lava Jato;Chantal Rayes;Renato Diniz (advogado anti-Dilma);Descrédito da esquerda Brasileira;" Além da análise da repórter Chantal Rayes, há um espaço para pessoas pró e anti impeachment demonstrarem sua opinião/ Trecho de destaque ""Ironie du sort, la police fédérale et le ministère public qui ont révélé laffaire nont jamais été aussi actifs et indépendants que sous le PT. Le parti de Lula nest pas seul en cause dans le scandale, loin sen faut. Même Aécio Neves, ténor de lopposition, est cité dans laffaire. En révélant les entrailles du pouvoir, lopération Lava Jato («lavage express») menace désormais lensemble de la classe politique.""";
01.04.16;La campagne musclée du juge Moro contre Lula;http://liberation.fr/planete/2016/03/31/la-campagne-musclee-du-juge-moro-contre-lula_1443149;Lava Jato;Chantal Rayes;Eloisa Machado (professora de Direito da FGV);Perfil de Sergio Moro;"O texto traça um perfil de Moro e fala que ele quer prender Lula a qualquer preço. O vazamento da conversa entre Dilma e Lula é tratado. ""Mais il est très inquiétant quun juge de première instance puisse faire autant de dégâts. Son impartialité est désormais en cause.»";
01.04.16;La campagne musclée du juge Moro contre Lula;http://liberation.fr/planete/2016/03/31/la-campagne-musclee-du-juge-moro-contre-lula_1443149;Lava Jato;Chantal Rayes;Fausto de Sanctis (magistrado);Perfil de Sergio Moro;"O texto traça um perfil de Moro e fala que ele quer prender Lula a qualquer preço. O vazamento da conversa entre Dilma e Lula é tratado. ""Mais il est très inquiétant quun juge de première instance puisse faire autant de dégâts. Son impartialité est désormais en cause.»";
01.04.16;La campagne musclée du juge Moro contre Lula;http://liberation.fr/planete/2016/03/31/la-campagne-musclee-du-juge-moro-contre-lula_1443149;Lava Jato;Chantal Rayes;Sergio Moro;Perfil de Sergio Moro;"O texto traça um perfil de Moro e fala que ele quer prender Lula a qualquer preço. O vazamento da conversa entre Dilma e Lula é tratado. ""Mais il est très inquiétant quun juge de première instance puisse faire autant de dégâts. Son impartialité est désormais en cause.»";
01.04.16;La campagne musclée du juge Moro contre Lula;http://liberation.fr/planete/2016/03/31/la-campagne-musclee-du-juge-moro-contre-lula_1443149;Lava Jato;Chantal Rayes;;Perfil de Sergio Moro;"O texto traça um perfil de Moro e fala que ele quer prender Lula a qualquer preço. O vazamento da conversa entre Dilma e Lula é tratado. ""Mais il est très inquiétant quun juge de première instance puisse faire autant de dégâts. Son impartialité est désormais en cause.»";
05.03.16;Lula au commissariat, le crépuscule dune idole ?;http://liberation.fr/planete/2016/03/04/lula-au-commissariat-le-crepuscule-d-une-idole_1437611;Lava Jato;Chantal Rayes;Adriano Pilatti (partidário do PT e advogado);Lula;"O texto trata da condução coercitiva de Lula e fala sobre os abalos da imagem do ex-presidente, antes muito bem visto no Brasil. ""Le «père des pauvres» nest plus intouchable. Une enquête ne le crédite que de 20 % des intentions de vote, derrière les ténors de lopposition, au cas où il se présenterait à la présidentielle de 2018. Une hypothèse quil nexclut pas.";
05.03.16;Lula au commissariat, le crépuscule dune idole ?;http://liberation.fr/planete/2016/03/04/lula-au-commissariat-le-crepuscule-d-une-idole_1437611;Lava Jato;Chantal Rayes;jornalista que não tem o nome citado;Lula;"O texto trata da condução coercitiva de Lula e fala sobre os abalos da imagem do ex-presidente, antes muito bem visto no Brasil. ""Le «père des pauvres» nest plus intouchable. Une enquête ne le crédite que de 20 % des intentions de vote, derrière les ténors de lopposition, au cas où il se présenterait à la présidentielle de 2018. Une hypothèse quil nexclut pas.";
19.04.16;Cruelle sortie annoncée pour Dilma Rousseff;http://liberation.fr/planete/2016/04/18/cruelle-sortie-annoncee-pour-dilma-rousseff_1447078;Lava Jato;Christian Losson;Editorial;Impeachment de Dilma;"O jornalista diz que a saída de Dilma é triste, pois ela nunca foi acusada de enriquecimento pessoal. ""Le Brésil, au fond, na pas besoin dun «Lava Jato», un lavage express, mais de réformes profondes (financement des campagnes, gouvernance dun système politique balkanisé, etc.) Au risque, sinon, de faire du pays le seul perdant de ce qui pourrait ressembler à une telenovela en mondovision. Mais nest quun résumé des rapports de force qui structurent bien des pays. Et pas seulement le Brésil""";
12.05.16;Destitution: Rousseff dénonce un «coup d'Etat»;http://liberation.fr/planete/2016/05/12/destitution-rousseff-denonce-un-coup-d-etat_1452084;Lava Jato;Chantal Rayes;Dilma Rousseff;Impeachment de Dilma;Vanessa Grazziotin diz que o impeachment de Dilma é uma estratégia da oposição para colocar fim na Operação Lava Jato;
12.05.16;Destitution: Rousseff dénonce un «coup d'Etat»;http://liberation.fr/planete/2016/05/12/destitution-rousseff-denonce-un-coup-d-etat_1452084;Lava Jato;Chantal Rayes;Randolfe Rodrigues;Impeachment de Dilma;Vanessa Grazziotin diz que o impeachment de Dilma é uma estratégia da oposição para colocar fim na Operação Lava Jato;
12.05.16;Destitution: Rousseff dénonce un «coup d'Etat»;http://liberation.fr/planete/2016/05/12/destitution-rousseff-denonce-un-coup-d-etat_1452084;Lava Jato;Chantal Rayes;Vanessa Grazziotin;Impeachment de Dilma;Vanessa Grazziotin diz que o impeachment de Dilma é uma estratégia da oposição para colocar fim na Operação Lava Jato;
12.05.16;Destitution: Rousseff dénonce un «coup d'Etat»;http://liberation.fr/planete/2016/05/12/destitution-rousseff-denonce-un-coup-d-etat_1452084;Lava Jato;Chantal Rayes;procurador Anibal Perez Liñan;Impeachment de Dilma;Vanessa Grazziotin diz que o impeachment de Dilma é uma estratégia da oposição para colocar fim na Operação Lava Jato;
12.05.16;Destitution: Rousseff dénonce un «coup d'Etat»;http://liberation.fr/planete/2016/05/12/destitution-rousseff-denonce-un-coup-d-etat_1452084;Lava Jato;Chantal Rayes;;Impeachment de Dilma;Vanessa Grazziotin diz que o impeachment de Dilma é uma estratégia da oposição para colocar fim na Operação Lava Jato;
06.05.16;Brésil : le pourfendeur de Rousseff, arroseur arrosé;http://liberation.fr/planete/2016/05/05/bresil-le-pourfendeur-de-rousseff-arroseur-arrose_1450792;Lava Jato;François Xavier Gomes;Análise/;Eduardo Cunha;O texto fala sobre o afastamento de Eduardo Cunha da Câmara;
09.06.16;Brésil: le héros anti-corruption était contrebandier;http://liberation.fr/planete/2016/06/09/bresil-le-heros-anti-corruption-etait-contrebandier_1458366;Lava Jato;Mégane De Amorim;Mensagens no Twitter;Condenação do Japonês da Federal;Newton Ishii, o japonês da Federal, foi condenado por contrabando na fronteira do Brasil com o Paraguai.;
09.06.16;Brésil: le héros anti-corruption était contrebandier;http://liberation.fr/planete/2016/06/09/bresil-le-heros-anti-corruption-etait-contrebandier_1458366;Lava Jato;Mégane De Amorim;Comunicado da FENAPEF (Federação Nacional de Policiais Federais);Condenação do Japonês da Federal;Newton Ishii, o japonês da Federal, foi condenado por contrabando na fronteira do Brasil com o Paraguai.;
09.06.16;Brésil: le héros anti-corruption était contrebandier;http://liberation.fr/planete/2016/06/09/bresil-le-heros-anti-corruption-etait-contrebandier_1458366;Lava Jato;Mégane De Amorim;Luís Humberto Carrijo (responsável pela Comunicação da PF);Condenação do Japonês da Federal;Newton Ishii, o japonês da Federal, foi condenado por contrabando na fronteira do Brasil com o Paraguai.;
09.06.16;Brésil: le héros anti-corruption était contrebandier;http://liberation.fr/planete/2016/06/09/bresil-le-heros-anti-corruption-etait-contrebandier_1458366;Lava Jato;Mégane De Amorim;;Condenação do Japonês da Federal;Newton Ishii, o japonês da Federal, foi condenado por contrabando na fronteira do Brasil com o Paraguai.;
13.07.16;Lula : «La politique, cest lart de limpossible»;http://liberation.fr/planete/2016/07/12/luis-inacio-lula-da-silva-la-politique-c-est-l-art-de-l-impossible_1465831;Lava Jato;Chantal Rayes;Lula;Entrevista com Lula;Entrevista com Lula sobre a situação do Brasil, o impeachment de Dilma (não tinha acontecido ainda), seu envolvimento na Operação Lava Jato e seus mandatos e conquistas como presidente do Brasil de 2003 a 2010.;
25.08.16;Dilma Rousseff abandonnée entre chiens et loups;http://liberation.fr/planete/2016/08/24/dilma-rousseff-abandonnee-entre-chiens-et-loups_1474476;Lava Jato;Chantal Rayes;Dilma Rousseff;Impeachment de Dilma; A Lava Jato é citada como um dos fatores que desencadeou o impeachment, especialmente pelo fato de o PT estar envolvido.;
25.08.16;Dilma Rousseff abandonnée entre chiens et loups;http://liberation.fr/planete/2016/08/24/dilma-rousseff-abandonnee-entre-chiens-et-loups_1474476;Lava Jato;Chantal Rayes;jornal O Estado de S. Paulo;Impeachment de Dilma; A Lava Jato é citada como um dos fatores que desencadeou o impeachment, especialmente pelo fato de o PT estar envolvido.;
25.08.16;Dilma Rousseff abandonnée entre chiens et loups;http://liberation.fr/planete/2016/08/24/dilma-rousseff-abandonnee-entre-chiens-et-loups_1474476;Lava Jato;Chantal Rayes;;Impeachment de Dilma; A Lava Jato é citada como um dos fatores que desencadeou o impeachment, especialmente pelo fato de o PT estar envolvido.;
15.09.16;Affaire Petrobras : une gifle  pour la figure Lula;http://liberation.fr/planete/2016/09/15/affaire-petrobras-une-gifle-pour-la-figure-lula_1498490;Lava Jato;Chantal Rayes;Rui Falcão (presidente do PT);Lula na Lava Jato/ Powerpoint da PF;Sergio Moro é citado como ídolo da direita e não dos brasileiros como um todo/ O texto fala sobre a coletiva de imprensa feita pela PF na qual Deltan Dallagnol apresentou um powerpoint para dizer que Lula era o chefe da Orquestra da Lava Jato. Ele disse que não tinha provas, mas tinha convicção.;
15.09.16;Affaire Petrobras : une gifle  pour la figure Lula;http://liberation.fr/planete/2016/09/15/affaire-petrobras-une-gifle-pour-la-figure-lula_1498490;Lava Jato;Chantal Rayes;Deltan Dallagnol;Lula na Lava Jato/ Powerpoint da PF;Sergio Moro é citado como ídolo da direita e não dos brasileiros como um todo/ O texto fala sobre a coletiva de imprensa feita pela PF na qual Deltan Dallagnol apresentou um powerpoint para dizer que Lula era o chefe da Orquestra da Lava Jato. Ele disse que não tinha provas, mas tinha convicção.;
15.09.16;Affaire Petrobras : une gifle  pour la figure Lula;http://liberation.fr/planete/2016/09/15/affaire-petrobras-une-gifle-pour-la-figure-lula_1498490;Lava Jato;Chantal Rayes;Folha de S. Paulo (citada como pouco amigável com a esquerda);Lula na Lava Jato/ Powerpoint da PF;Sergio Moro é citado como ídolo da direita e não dos brasileiros como um todo/ O texto fala sobre a coletiva de imprensa feita pela PF na qual Deltan Dallagnol apresentou um powerpoint para dizer que Lula era o chefe da Orquestra da Lava Jato. Ele disse que não tinha provas, mas tinha convicção.;
15.09.16;Affaire Petrobras : une gifle  pour la figure Lula;http://liberation.fr/planete/2016/09/15/affaire-petrobras-une-gifle-pour-la-figure-lula_1498490;Lava Jato;Chantal Rayes;Cristiano Martins (advogado de Lula);Lula na Lava Jato/ Powerpoint da PF;Sergio Moro é citado como ídolo da direita e não dos brasileiros como um todo/ O texto fala sobre a coletiva de imprensa feita pela PF na qual Deltan Dallagnol apresentou um powerpoint para dizer que Lula era o chefe da Orquestra da Lava Jato. Ele disse que não tinha provas, mas tinha convicção.;
15.09.16;Affaire Petrobras : une gifle  pour la figure Lula;http://liberation.fr/planete/2016/09/15/affaire-petrobras-une-gifle-pour-la-figure-lula_1498490;Lava Jato;Chantal Rayes;Lula;Lula na Lava Jato/ Powerpoint da PF;Sergio Moro é citado como ídolo da direita e não dos brasileiros como um todo/ O texto fala sobre a coletiva de imprensa feita pela PF na qual Deltan Dallagnol apresentou um powerpoint para dizer que Lula era o chefe da Orquestra da Lava Jato. Ele disse que não tinha provas, mas tinha convicção.;
15.09.16;Affaire Petrobras : une gifle  pour la figure Lula;http://liberation.fr/planete/2016/09/15/affaire-petrobras-une-gifle-pour-la-figure-lula_1498490;Lava Jato;Chantal Rayes;;Lula na Lava Jato/ Powerpoint da PF;Sergio Moro é citado como ídolo da direita e não dos brasileiros como um todo/ O texto fala sobre a coletiva de imprensa feita pela PF na qual Deltan Dallagnol apresentou um powerpoint para dizer que Lula era o chefe da Orquestra da Lava Jato. Ele disse que não tinha provas, mas tinha convicção.;
15.09.16;Brésil: l'avenir de Lula suspendu à la justice;http://liberation.fr/planete/2016/09/15/bresil-l-avenir-de-lula-suspendu-a-la-justice_1498368;Lava Jato;Chantal Rayes;Rui Falcão (presidente do PT);Lula na Lava Jato/ Powerpoint da PF;Texto igual ao anterior. Sergio Moro é citado como ídolo da direita e não dos brasileiros como um todo/ O texto fala sobre a coletiva de imprensa feita pela PF na qual Deltan Dallagnol apresentou um powerpoint para dizer que Lula era o chefe da Orquestra da Lava Jato. Ele disse que não tinha provas, mas tinha convicção.;
15.09.16;Brésil: l'avenir de Lula suspendu à la justice;http://liberation.fr/planete/2016/09/15/bresil-l-avenir-de-lula-suspendu-a-la-justice_1498368;Lava Jato;Chantal Rayes;Deltan Dallagnol;Lula na Lava Jato/ Powerpoint da PF;Texto igual ao anterior. Sergio Moro é citado como ídolo da direita e não dos brasileiros como um todo/ O texto fala sobre a coletiva de imprensa feita pela PF na qual Deltan Dallagnol apresentou um powerpoint para dizer que Lula era o chefe da Orquestra da Lava Jato. Ele disse que não tinha provas, mas tinha convicção.;
15.09.16;Brésil: l'avenir de Lula suspendu à la justice;http://liberation.fr/planete/2016/09/15/bresil-l-avenir-de-lula-suspendu-a-la-justice_1498368;Lava Jato;Chantal Rayes;Folha de S. Paulo (citada como pouco amigável com a esquerda);Lula na Lava Jato/ Powerpoint da PF;Texto igual ao anterior. Sergio Moro é citado como ídolo da direita e não dos brasileiros como um todo/ O texto fala sobre a coletiva de imprensa feita pela PF na qual Deltan Dallagnol apresentou um powerpoint para dizer que Lula era o chefe da Orquestra da Lava Jato. Ele disse que não tinha provas, mas tinha convicção.;
15.09.16;Brésil: l'avenir de Lula suspendu à la justice;http://liberation.fr/planete/2016/09/15/bresil-l-avenir-de-lula-suspendu-a-la-justice_1498368;Lava Jato;Chantal Rayes;Cristiano Martins (advogado de Lula);Lula na Lava Jato/ Powerpoint da PF;Texto igual ao anterior. Sergio Moro é citado como ídolo da direita e não dos brasileiros como um todo/ O texto fala sobre a coletiva de imprensa feita pela PF na qual Deltan Dallagnol apresentou um powerpoint para dizer que Lula era o chefe da Orquestra da Lava Jato. Ele disse que não tinha provas, mas tinha convicção.;
15.09.16;Brésil: l'avenir de Lula suspendu à la justice;http://liberation.fr/planete/2016/09/15/bresil-l-avenir-de-lula-suspendu-a-la-justice_1498368;Lava Jato;Chantal Rayes;Lula;Lula na Lava Jato/ Powerpoint da PF;Texto igual ao anterior. Sergio Moro é citado como ídolo da direita e não dos brasileiros como um todo/ O texto fala sobre a coletiva de imprensa feita pela PF na qual Deltan Dallagnol apresentou um powerpoint para dizer que Lula era o chefe da Orquestra da Lava Jato. Ele disse que não tinha provas, mas tinha convicção.;
15.09.16;Brésil: l'avenir de Lula suspendu à la justice;http://liberation.fr/planete/2016/09/15/bresil-l-avenir-de-lula-suspendu-a-la-justice_1498368;Lava Jato;Chantal Rayes;;Lula na Lava Jato/ Powerpoint da PF;Texto igual ao anterior. Sergio Moro é citado como ídolo da direita e não dos brasileiros como um todo/ O texto fala sobre a coletiva de imprensa feita pela PF na qual Deltan Dallagnol apresentou um powerpoint para dizer que Lula era o chefe da Orquestra da Lava Jato. Ele disse que não tinha provas, mas tinha convicção.;
05.09.16;Michel Temer, le restaurateur;http://liberation.fr/planete/2016/09/04/michel-temer-le-restaurateur_1482842;Lava Jato;Chantal Rayes;Discurso de posse de Michel Temer;Posse de Michel Temer;"A jornalista diz que é a volta da direita reacionária ao país após 13 anos. O áudio de Jucá, no qual ele diz que é preciso mudar de governo para ""estancar a sangria"" é citado. A jornalista também cita que entre 13 senadores investigados pela Lava Jato, 10 votaram a favor do impeachment de Dilma Rousseff.";
05.09.16;Michel Temer, le restaurateur;http://liberation.fr/planete/2016/09/04/michel-temer-le-restaurateur_1482842;Lava Jato;Chantal Rayes;"Revista  Veja (quando cita Marcela como ""bela";Posse de Michel Temer;"A jornalista diz que é a volta da direita reacionária ao país após 13 anos. O áudio de Jucá, no qual ele diz que é preciso mudar de governo para ""estancar a sangria"" é citado. A jornalista também cita que entre 13 senadores investigados pela Lava Jato, 10 votaram a favor do impeachment de Dilma Rousseff.";
05.09.16;Michel Temer, le restaurateur;http://liberation.fr/planete/2016/09/04/michel-temer-le-restaurateur_1482842;Lava Jato;Chantal Rayes;"recatada e do lar"")";Posse de Michel Temer;"A jornalista diz que é a volta da direita reacionária ao país após 13 anos. O áudio de Jucá, no qual ele diz que é preciso mudar de governo para ""estancar a sangria"" é citado. A jornalista também cita que entre 13 senadores investigados pela Lava Jato, 10 votaram a favor do impeachment de Dilma Rousseff.";
05.09.16;Michel Temer, le restaurateur;http://liberation.fr/planete/2016/09/04/michel-temer-le-restaurateur_1482842;Lava Jato;Chantal Rayes;Frédéric Louault (professor de ciências políticas da Universidade Livre de Bruxelas);Posse de Michel Temer;"A jornalista diz que é a volta da direita reacionária ao país após 13 anos. O áudio de Jucá, no qual ele diz que é preciso mudar de governo para ""estancar a sangria"" é citado. A jornalista também cita que entre 13 senadores investigados pela Lava Jato, 10 votaram a favor do impeachment de Dilma Rousseff.";
05.09.16;Michel Temer, le restaurateur;http://liberation.fr/planete/2016/09/04/michel-temer-le-restaurateur_1482842;Lava Jato;Chantal Rayes;;Posse de Michel Temer;"A jornalista diz que é a volta da direita reacionária ao país após 13 anos. O áudio de Jucá, no qual ele diz que é preciso mudar de governo para ""estancar a sangria"" é citado. A jornalista também cita que entre 13 senadores investigados pela Lava Jato, 10 votaram a favor do impeachment de Dilma Rousseff.";
16.12.16;Au Brésil, le gouvernement de Michel Temer vacille;http://liberation.fr/planete/2016/12/15/au-bresil-le-gouvernement-de-michel-temer-vacille_1535625;Lava Jato;Chantal Rayes;Cláudio Gonçalves Couto (professor de ciências políticas da FGV);Michel Temer;A Lava Jato é citada como uma operação que faz desgastes no país;
16.12.16;Au Brésil, le gouvernement de Michel Temer vacille;http://liberation.fr/planete/2016/12/15/au-bresil-le-gouvernement-de-michel-temer-vacille_1535625;Lava Jato;Chantal Rayes;;Michel Temer;A Lava Jato é citada como uma operação que faz desgastes no país;
21.02.17;Au Brésil, un ministre accusé de corruption devient juge... anti-corruption ;http://liberation.fr/planete/2017/02/21/au-bresil-un-ministre-accuse-de-corruption-devient-juge-anti-corruption_1550029;Lava Jato;Chantal Rayes;não tem fontes;Nomeação de Alexandre de Moraes como juíz da Corte Suprema;O texto fala que Michel Temer nomeou Alexandre (um  ministro corrupto que se torna um juiz anticorrupção) com o objetivo de frear a Operação Lava Jato. ;
11.02.17;Au Brésil, une grève de policiers déclenche une flambée de meurtres;http://liberation.fr/planete/2017/02/10/au-bresil-une-greve-de-policiers-declenche-une-flambee-de-meurtres_1547803;Lava Jato;François Xavier Gomes;Gaspard Estrada (diretor executivo do Observatório de política da América Latina e do Caribe);Análise sobre a situação do Rio de Janeiro;"A Lava Jato é citada como responsável por paralisar alguns projetos que estavam voltados para o Rio de Janeiro e Espírito Santo. ""Et le scandale «Lava Jato», lenquête sur les pots-de-vin versés par Petrobras, la compagnie nationale, na rien arrangé en mettant entre parenthèses projets et investissements. Et dans le cas de Rio, lardoise laissée par les Jeux olympiques de 2016 pèse lourdement.""";
03.02.17;Une rentrée politique de tous les dangers au Brésil;http://liberation.fr/planete/2017/02/03/une-rentree-politique-de-tous-les-dangers-au-bresil_1546019;Lava Jato; AFP;Renan Calheiros;governo de Temer;O texto fala que a crise política de 2016, que resultou no impeachment de Dilma, foi agravada pela Operação Lava Jato. ;
03.02.17;Une rentrée politique de tous les dangers au Brésil;http://liberation.fr/planete/2017/02/03/une-rentree-politique-de-tous-les-dangers-au-bresil_1546019;Lava Jato; AFP;Sylvio Costa (Congresso em Foco);governo de Temer;O texto fala que a crise política de 2016, que resultou no impeachment de Dilma, foi agravada pela Operação Lava Jato. ;
15.03.17;Scandale Petrobras : la liste qui fait trembler la classe politique brésilienne;http://liberation.fr/planete/2017/03/15/scandale-petrobras-la-liste-qui-fait-trembler-la-classe-politique-bresilienne_1556018;Lava Jato;Chantal Rayes;Folha de S. Paulo (entrevista com o Sociólogo Celso Rocha de Barros);Delação da Odebrecht (delação)/ Lista de Janot;O texto cita a lista apresentada pelos ex-dirigentes da Odebrecht com os políticos que se beneficiaram de dinheiro da Odebrecht em suas campanhas eleitorais. Aqui, o texto mostra que não apenas políticos de partidos de esquerda foram atingidos, mas também nomes como Michel Temer, Aécio Neves, José Serra e Rodrigo Maia ;
15.03.17;Scandale Petrobras : la liste qui fait trembler la classe politique brésilienne;http://liberation.fr/planete/2017/03/15/scandale-petrobras-la-liste-qui-fait-trembler-la-classe-politique-bresilienne_1556018;Lava Jato;Chantal Rayes;Silvio Costa (deputado);Delação da Odebrecht (delação)/ Lista de Janot;O texto cita a lista apresentada pelos ex-dirigentes da Odebrecht com os políticos que se beneficiaram de dinheiro da Odebrecht em suas campanhas eleitorais. Aqui, o texto mostra que não apenas políticos de partidos de esquerda foram atingidos, mas também nomes como Michel Temer, Aécio Neves, José Serra e Rodrigo Maia ;
15.03.17;Scandale Petrobras : la liste qui fait trembler la classe politique brésilienne;http://liberation.fr/planete/2017/03/15/scandale-petrobras-la-liste-qui-fait-trembler-la-classe-politique-bresilienne_1556018;Lava Jato;Chantal Rayes;Esther Solano (socióloga);Delação da Odebrecht (delação)/ Lista de Janot;O texto cita a lista apresentada pelos ex-dirigentes da Odebrecht com os políticos que se beneficiaram de dinheiro da Odebrecht em suas campanhas eleitorais. Aqui, o texto mostra que não apenas políticos de partidos de esquerda foram atingidos, mas também nomes como Michel Temer, Aécio Neves, José Serra e Rodrigo Maia ;
15.03.17;Scandale Petrobras : la liste qui fait trembler la classe politique brésilienne;http://liberation.fr/planete/2017/03/15/scandale-petrobras-la-liste-qui-fait-trembler-la-classe-politique-bresilienne_1556018;Lava Jato;Chantal Rayes;Esther Solano (professora de sociologia da Unifesp);Delação da Odebrecht (delação)/ Lista de Janot;O texto cita a lista apresentada pelos ex-dirigentes da Odebrecht com os políticos que se beneficiaram de dinheiro da Odebrecht em suas campanhas eleitorais. Aqui, o texto mostra que não apenas políticos de partidos de esquerda foram atingidos, mas também nomes como Michel Temer, Aécio Neves, José Serra e Rodrigo Maia ;
19.04.17;Au Brésil, amende nourrie pour groupe de BTP pourri;http://liberation.fr/planete/2017/04/18/au-bresil-amende-nourrie-pour-groupe-de-btp-pourri_1563577;Lava Jato;Chantal Rayes;Emílio Odebrecht;Odebrecht;O texto explica como a Odebrecht operou no Brasil e no exterior pagando propinas para partidos político para conseguir vantagens no mercado. Os partidos mais afetados são PT, PMDB e PSDB;IMPORTANTE
19.04.17;Au Brésil, amende nourrie pour groupe de BTP pourri;http://liberation.fr/planete/2017/04/18/au-bresil-amende-nourrie-pour-groupe-de-btp-pourri_1563577;Lava Jato;Chantal Rayes;Marcelo Odebrecht;Odebrecht;O texto explica como a Odebrecht operou no Brasil e no exterior pagando propinas para partidos político para conseguir vantagens no mercado. Os partidos mais afetados são PT, PMDB e PSDB;IMPORTANTE
19.04.17;Au Brésil, amende nourrie pour groupe de BTP pourri;http://liberation.fr/planete/2017/04/18/au-bresil-amende-nourrie-pour-groupe-de-btp-pourri_1563577;Lava Jato;Chantal Rayes;Gil Castello Branco;Odebrecht;O texto explica como a Odebrecht operou no Brasil e no exterior pagando propinas para partidos político para conseguir vantagens no mercado. Os partidos mais afetados são PT, PMDB e PSDB;IMPORTANTE
19.04.17;Au Brésil, amende nourrie pour groupe de BTP pourri;http://liberation.fr/planete/2017/04/18/au-bresil-amende-nourrie-pour-groupe-de-btp-pourri_1563577;Lava Jato;Chantal Rayes;(secretário do think tank Contas Abertas);Odebrecht;O texto explica como a Odebrecht operou no Brasil e no exterior pagando propinas para partidos político para conseguir vantagens no mercado. Os partidos mais afetados são PT, PMDB e PSDB;IMPORTANTE
12.04.17;Brésil Le gratin politique devant la Cour suprême;http://liberation.fr/planete/2017/04/12/bresil-le-gratin-politique-devant-la-cour-supreme_1562410;Lava Jato;Chantal Rayes;nota;Delação da Odebrecht / abertura de investigação da Suprema Corte;O texto fala que a Suprema Corte abriu uma investigação contra 98 pessoas, entre elas 8 ministros, 24 senadores e 39 deputados, além de 3 ex-presidentes, incluindo Lula;
12.04.17;Le gratin politique brésilien au menu de la Cour suprême;http://liberation.fr/planete/2017/04/12/le-gratin-politique-bresilien-au-menu-de-la-cour-supreme_1562306;Lava Jato;Chantal Rayes;Claudio Couto (cientista político) e Fábio Wanderley Reis (cientista político);Lista de Fachin;O texto é similar ao de cima, mas mais completo e traz algumas perguntas e respostas. As perguntas são: Qua décidé le juge rapporteur de Lava Jato à la Cour suprême, Edson Fachin ?/ Quelles sont les conséquences pour Lula ?/ Quelles sont les perspectives pour lestablishment politique ?/ ;Este texto é similar ao de cima, mas mais completo.
05.04.17;La campagne de Guyane;http://liberation.fr/debats/2017/04/04/la-campagne-de-guyane_1560511;Lava Jato; Emmanuel Lézy;não tem fontes;Guiana Francesa;O texto apenas cita a Lava Jato, mas é sobre a crise pela qual a Guiana Francesa passa;
25.05.17;Brésil : Temer le «destitueur» sapproche de la destitution;http://liberation.fr/planete/2017/05/25/bresil-temer-le-destitueur-s-approche-de-la-destitution_1572370;Lava Jato;Chantal Rayes;O Globo;Crise no governo Temer/ áudio de Joesley Batista;O texto fala sobre a conversa de Temer com Joesley Batista e sobre a fragilidade de seu governo que, naquele período, estava muito visado a acabar;
25.05.17;Brésil : Temer le «destitueur» sapproche de la destitution;http://liberation.fr/planete/2017/05/25/bresil-temer-le-destitueur-s-approche-de-la-destitution_1572370;Lava Jato;Chantal Rayes;Fábio Wanderley Reis (professora da UFMG);Crise no governo Temer/ áudio de Joesley Batista;O texto fala sobre a conversa de Temer com Joesley Batista e sobre a fragilidade de seu governo que, naquele período, estava muito visado a acabar;
25.05.17;Brésil : Temer le «destitueur» sapproche de la destitution;http://liberation.fr/planete/2017/05/25/bresil-temer-le-destitueur-s-approche-de-la-destitution_1572370;Lava Jato;Chantal Rayes;;Crise no governo Temer/ áudio de Joesley Batista;O texto fala sobre a conversa de Temer com Joesley Batista e sobre a fragilidade de seu governo que, naquele período, estava muito visado a acabar;
25.05.17;Corruption : le président brésilien sur un siège éjectable;http://liberation.fr/planete/2017/05/25/corruption-le-president-bresilien-sur-un-siege-ejectable_1572265;Lava Jato;Chantal Rayes;;Crise no governo Temer/ áudio de Joesley Batista;textos similares;
18.05.17;Michel Temer ne veut pas démissionner, malgré des accusations accablantes;http://liberation.fr/planete/2017/05/18/michel-temer-ne-veut-pas-demissionner-malgre-des-accusations-accablantes_1570510;Lava Jato;Chantal Rayes;Carlos Melo (cientista político);Crise no governo Temer/ áudio de Joesley Batista;O texto fala que Temer tentava colocar entraves para acabar com a Lava Jato e trata dos áudios entre ele e Joesley divulgados pelo jornal O Globo;
18.05.17;Michel Temer ne veut pas démissionner, malgré des accusations accablantes;http://liberation.fr/planete/2017/05/18/michel-temer-ne-veut-pas-demissionner-malgre-des-accusations-accablantes_1570510;Lava Jato;Chantal Rayes;Merval Pereira (globoNews);Crise no governo Temer/ áudio de Joesley Batista;O texto fala que Temer tentava colocar entraves para acabar com a Lava Jato e trata dos áudios entre ele e Joesley divulgados pelo jornal O Globo;
18.05.17;Michel Temer ne veut pas démissionner, malgré des accusations accablantes;http://liberation.fr/planete/2017/05/18/michel-temer-ne-veut-pas-demissionner-malgre-des-accusations-accablantes_1570510;Lava Jato;Chantal Rayes;O Globo;Crise no governo Temer/ áudio de Joesley Batista;O texto fala que Temer tentava colocar entraves para acabar com a Lava Jato e trata dos áudios entre ele e Joesley divulgados pelo jornal O Globo;
18.05.17;Michel Temer ne veut pas démissionner, malgré des accusations accablantes;http://liberation.fr/planete/2017/05/18/michel-temer-ne-veut-pas-demissionner-malgre-des-accusations-accablantes_1570510;Lava Jato;Chantal Rayes;;Crise no governo Temer/ áudio de Joesley Batista;O texto fala que Temer tentava colocar entraves para acabar com a Lava Jato e trata dos áudios entre ele e Joesley divulgados pelo jornal O Globo;
28.06.17;Accusé de corruption, Michel Temer saccroche au pouvoir;http://liberation.fr/planete/2017/06/28/bresil-accuse-de-corruption-michel-temer-s-accroche-au-pouvoir_1580053;Lava Jato;Chantal Rayes;Christian Lynch ( professor de ciências sociais da UERJ);crise no governo de Michel Temer;"Temer tenta descreditar a Operação Lava Jato/ Ele faz de tudo para resistir até Janot sair da ""cabeça"" da operação.";
12.07.17;Lula condamné à neuf ans de prison pour corruption ;http://liberation.fr/planete/2017/07/12/lula-condamne-a-neuf-ans-de-prison-pour-corruption_1583453;Lava Jato;François Xavier Gomes;;condenação de Lula em primeira instância na Lava Jato;;
13/07/2017;Malgré sa condamnation, Lula pense toujours à la présidentielle;http://www.liberation.fr/planete/2017/07/13/malgre-sa-condamnation-lula-pense-toujours-a-la-presidentielle_1583617;Lava Jato;Chantal Rayes;Valeska Teixeira (advogada de Lula);;;
13/07/2017;Malgré sa condamnation, Lula pense toujours à la présidentielle;http://www.liberation.fr/planete/2017/07/13/malgre-sa-condamnation-lula-pense-toujours-a-la-presidentielle_1583617;Lava Jato;Chantal Rayes;Gleisi Hoffmann (PT);;;
13/07/2017;Malgré sa condamnation, Lula pense toujours à la présidentielle;http://www.liberation.fr/planete/2017/07/13/malgre-sa-condamnation-lula-pense-toujours-a-la-presidentielle_1583617;Lava Jato;Chantal Rayes;Marina Silva;;;
13/07/2017;Malgré sa condamnation, Lula pense toujours à la présidentielle;http://www.liberation.fr/planete/2017/07/13/malgre-sa-condamnation-lula-pense-toujours-a-la-presidentielle_1583617;Lava Jato;Chantal Rayes;Peter Hakim (presidente do think tank Inter American-Dialogue);;;
13/07/2017;Malgré sa condamnation, Lula pense toujours à la présidentielle;http://www.liberation.fr/planete/2017/07/13/malgre-sa-condamnation-lula-pense-toujours-a-la-presidentielle_1583617;Lava Jato;Chantal Rayes;BBC Brasil;;;
13/07/2017;Malgré sa condamnation, Lula pense toujours à la présidentielle;http://www.liberation.fr/planete/2017/07/13/malgre-sa-condamnation-lula-pense-toujours-a-la-presidentielle_1583617;Lava Jato;Chantal Rayes;;;;
